hiTemp,loTemp,ppt,snow,date,moonPhase
33.1,22.1,0.0,0.0,2015-01-01,82.42227935791016
41.0,31.1,0.0,0.0,2015-01-02,89.61190032958984
37.0,22.1,0.62,1.42,2015-01-03,94.97469329833984
52.0,35.1,0.57,0.0,2015-01-04,98.37516021728516
50.0,17.2,0.0,0.0,2015-01-05,99.7704086303711
18.1,15.3,0.02,0.2,2015-01-06,99.20208740234375
26.2,4.1,0.0,0.0,2015-01-07,96.78215789794922
19.2,-0.8,0.0,0.0,2015-01-08,92.6743392944336
30.2,19.2,0.01,0.2,2015-01-09,87.07465362548828
24.3,17.2,0.0,0.0,2015-01-10,80.19503784179688
33.1,15.3,0.0,0.0,2015-01-11,72.25320434570312
37.9,33.1,0.2,0.0,2015-01-12,63.4707145690918
35.1,15.3,0.0,0.0,2015-01-13,54.0799446105957
25.2,14.2,0.0,0.0,2015-01-14,44.3390998840332
31.1,25.2,0.12,0.79,2015-01-15,34.55321502685547
37.9,15.3,0.0,0.0,2015-01-16,25.096385955810547
22.1,9.1,0.0,0.0,2015-01-17,16.426856994628906
51.1,20.1,0.15,0.0,2015-01-18,9.082176208496094
46.0,32.0,0.0,0.0,2015-01-19,3.640153646469116
39.0,27.1,0.0,0.0,2015-01-20,0.6382032036781311
34.0,22.1,0.0,0.0,2015-01-21,0.4627806842327118
37.0,29.1,0.0,0.0,2015-01-22,3.2453503608703613
37.0,24.3,0.0,0.0,2015-01-23,8.811934471130371
34.0,31.1,0.71,5.12,2015-01-24,16.713167190551758
37.9,19.2,0.0,0.0,2015-01-25,26.320537567138672
29.1,11.1,0.1,2.28,2015-01-26,36.94398498535156
19.2,14.2,0.95,22.09,2015-01-27,47.92728042602539
24.3,13.1,0.01,0.2,2015-01-28,58.7016716003418
32.0,10.2,0.0,0.0,2015-01-29,68.8018798828125
34.0,19.2,0.06,0.71,2015-01-30,77.85973358154297
21.2,11.1,0.05,1.3,2015-01-31,85.59010314941406
30.2,12.2,0.0,0.0,2015-02-01,91.77835083007812
31.1,10.2,0.78,16.18,2015-02-02,96.27249908447266
22.1,6.3,0.0,0.0,2015-02-03,98.97958374023438
37.9,14.2,0.01,0.0,2015-02-04,99.86357879638672
36.0,7.2,0.09,0.79,2015-02-05,98.94246673583984
21.2,5.2,0.0,0.0,2015-02-06,96.28267669677734
29.1,16.2,0.07,0.91,2015-02-07,91.9910888671875
29.1,13.1,0.37,7.4,2015-02-08,86.20626831054688
25.2,14.2,0.88,14.8,2015-02-09,79.09134674072266
30.2,14.2,0.05,0.71,2015-02-10,70.83149719238281
25.2,14.2,0.01,0.51,2015-02-11,61.63817596435547
30.2,16.2,0.03,0.98,2015-02-12,51.761566162109375
22.1,7.2,0.0,0.0,2015-02-13,41.51068115234375
30.2,3.2,0.23,3.19,2015-02-14,31.27744483947754
20.1,-1.8,0.39,12.99,2015-02-15,21.555986404418945
19.2,-2.7,0.0,0.0,2015-02-16,12.942314147949219
23.2,10.2,0.02,0.59,2015-02-17,6.095772743225098
29.1,17.2,0.01,0.0,2015-02-18,1.6503132581710815
30.2,10.2,0.06,2.4,2015-02-19,0.08646591752767563
20.1,5.2,0.0,0.0,2015-02-20,1.6072529554367065
34.0,4.1,0.17,1.1,2015-02-21,6.076538562774658
39.0,28.2,0.11,0.12,2015-02-22,13.053537368774414
33.1,4.1,0.0,0.0,2015-02-23,21.90488624572754
19.2,2.1,0.0,0.0,2015-02-24,31.938562393188477
35.1,14.2,0.07,1.89,2015-02-25,42.508079528808594
22.1,17.2,0.02,0.2,2015-02-26,53.0661506652832
27.1,15.3,0.0,0.0,2015-02-27,63.175052642822266
31.1,12.2,0.0,0.0,2015-02-28,72.49224853515625
30.2,12.2,0.17,1.89,2015-03-01,80.74826049804688
37.0,26.2,0.01,0.2,2015-03-02,87.72718811035156
33.1,20.1,0.26,1.61,2015-03-03,93.25411987304688
43.0,33.1,0.02,0.0,2015-03-04,97.18997955322266
39.0,18.1,0.0,0.0,2015-03-05,99.43192291259766
24.3,9.1,0.0,0.0,2015-03-06,99.91653442382812
37.9,17.2,0.0,0.0,2015-03-07,98.6232681274414
42.1,24.3,0.0,0.0,2015-03-08,95.57617950439453
48.0,26.2,0.0,0.0,2015-03-09,90.84353637695312
48.0,31.1,0.06,0.0,2015-03-10,84.53621673583984
57.0,37.0,0.01,0.0,2015-03-11,76.80731964111328
43.0,25.2,0.0,0.0,2015-03-12,67.85560607910156
39.9,24.3,0.0,0.0,2015-03-13,57.93523406982422
39.0,31.1,0.8,0.0,2015-03-14,47.372406005859375
41.0,27.1,0.27,2.91,2015-03-15,36.58601760864258
45.0,26.2,0.0,0.0,2015-03-16,26.103851318359375
51.1,28.2,0.14,0.0,2015-03-17,16.559186935424805
30.2,22.1,0.0,0.0,2015-03-18,8.649402618408203
34.0,19.2,0.0,0.0,2015-03-19,3.0453810691833496
32.0,23.2,0.05,0.51,2015-03-20,0.2640288472175598
41.0,28.2,0.09,1.18,2015-03-21,0.5473489761352539
39.0,21.2,0.0,0.0,2015-03-22,3.8042619228363037
33.1,18.1,0.0,0.0,2015-03-23,9.64533805847168
35.1,20.1,0.0,0.0,2015-03-24,17.490657806396484
48.9,28.2,0.04,0.0,2015-03-25,26.69759178161621
55.9,37.9,0.8,0.0,2015-03-26,36.660335540771484
44.1,37.0,0.21,0.0,2015-03-27,46.86178207397461
39.9,30.2,0.12,0.31,2015-03-28,56.88398742675781
42.1,26.2,0.0,0.0,2015-03-29,66.39410400390625
45.0,30.2,0.0,0.0,2015-03-30,75.12147521972656
50.0,37.0,0.0,0.0,2015-03-31,82.83613586425781
46.9,30.2,0.0,0.0,2015-04-01,89.33367156982422
61.0,30.2,0.0,0.0,2015-04-02,94.42823791503906
59.0,45.0,0.03,0.0,2015-04-03,97.95316314697266
52.0,36.0,0.39,0.0,2015-04-04,99.76754760742188
48.9,32.0,0.0,0.0,2015-04-05,99.76636505126953
42.1,36.0,0.0,0.0,2015-04-06,97.89144897460938
42.1,36.0,0.03,0.0,2015-04-07,94.14089965820312
42.1,34.0,0.26,0.0,2015-04-08,88.57588195800781
37.0,33.1,0.09,0.0,2015-04-09,81.32522583007812
55.0,36.0,0.09,0.0,2015-04-10,72.5897216796875
57.0,42.1,0.0,0.0,2015-04-11,62.64836883544922
68.0,39.0,0.0,0.0,2015-04-12,51.86776351928711
69.1,41.0,0.0,0.0,2015-04-13,40.71236801147461
64.9,52.0,0.01,0.0,2015-04-14,29.748414993286133
66.9,50.0,0.0,0.0,2015-04-15,19.628765106201172
60.1,41.0,0.0,0.0,2015-04-16,11.045207023620605
64.9,46.9,0.06,0.0,2015-04-17,4.642988204956055
60.1,43.0,0.0,0.0,2015-04-18,0.9122118949890137
50.0,41.0,0.0,0.0,2015-04-19,0.0924607440829277
51.1,41.0,0.61,0.0,2015-04-20,2.1318631172180176
64.9,46.0,0.54,0.0,2015-04-21,6.719367027282715
66.9,43.0,0.0,0.0,2015-04-22,13.372841835021973
51.1,37.9,0.0,0.0,2015-04-23,21.542966842651367
50.0,37.0,0.0,0.0,2015-04-24,30.69672966003418
55.9,36.0,0.0,0.0,2015-04-25,40.36441421508789
55.9,43.0,0.0,0.0,2015-04-26,50.15281295776367
57.0,45.0,0.1,0.0,2015-04-27,59.73623275756836
64.0,42.1,0.07,0.0,2015-04-28,68.83735656738281
54.0,48.0,0.0,0.0,2015-04-29,77.2069091796875
55.0,44.1,0.0,0.0,2015-04-30,84.60743713378906
48.9,39.0,0.0,0.0,2015-05-01,90.80429077148438
50.0,39.0,0.0,0.0,2015-05-02,95.5651626586914
66.9,45.0,0.0,0.0,2015-05-03,98.66839599609375
84.0,48.9,0.0,0.0,2015-05-04,99.91910552978516
70.0,54.0,0.02,0.0,2015-05-05,99.1701889038086
73.0,52.0,0.0,0.0,2015-05-06,96.3446044921875
79.0,53.1,0.0,0.0,2015-05-07,91.45443725585938
71.1,46.0,0.0,0.0,2015-05-08,84.61385345458984
71.1,46.0,0.0,0.0,2015-05-09,76.04481506347656
89.1,59.0,0.0,0.0,2015-05-10,66.07682800292969
80.1,50.0,0.0,0.0,2015-05-11,55.142398834228516
87.1,48.0,0.02,0.0,2015-05-12,43.76824951171875
69.1,53.1,0.0,0.0,2015-05-13,32.55885696411133
69.1,48.9,0.0,0.0,2015-05-14,22.165674209594727
66.9,48.0,0.0,0.0,2015-05-15,13.236112594604492
71.1,55.0,0.0,0.0,2015-05-16,6.343158721923828
66.9,52.0,0.0,0.0,2015-05-17,1.9086596965789795
57.9,48.9,0.0,0.0,2015-05-18,0.14359615743160248
64.9,52.0,0.27,0.0,2015-05-19,1.027868628501892
66.0,51.1,0.0,0.0,2015-05-20,4.337490558624268
66.9,45.0,0.0,0.0,2015-05-21,9.707120895385742
75.9,52.0,0.0,0.0,2015-05-22,16.7037410736084
64.9,44.1,0.0,0.0,2015-05-23,24.888938903808594
82.9,51.1,0.0,0.0,2015-05-24,33.85791778564453
81.0,57.9,0.0,0.0,2015-05-25,43.25448989868164
87.1,64.0,0.0,0.0,2015-05-26,52.767860412597656
84.9,64.9,0.0,0.0,2015-05-27,62.118743896484375
86.0,64.0,0.0,0.0,2015-05-28,71.0415267944336
72.0,55.0,0.0,0.0,2015-05-29,79.26762390136719
88.0,57.9,0.0,0.0,2015-05-30,86.51396942138672
77.0,48.0,0.91,0.0,2015-05-31,92.4803466796875
48.9,46.9,0.38,0.0,2015-06-01,96.85823822021484
48.9,46.0,0.74,0.0,2015-06-02,99.35275268554688
55.9,46.9,0.0,0.0,2015-06-03,99.71604919433594
57.9,48.9,0.0,0.0,2015-06-04,97.78697967529297
59.0,50.0,0.0,0.0,2015-06-05,93.52800750732422
66.9,52.0,0.09,0.0,2015-06-06,87.04972076416016
66.9,53.1,0.0,0.0,2015-06-07,78.61659240722656
75.9,53.1,0.0,0.0,2015-06-08,68.63330841064453
78.1,64.0,0.0,0.0,2015-06-09,57.61655044555664
82.0,62.1,0.0,0.0,2015-06-10,46.15895080566406
88.0,64.0,0.0,0.0,2015-06-11,34.889793395996094
79.0,64.9,0.0,0.0,2015-06-12,24.43355941772461
84.9,64.0,0.0,0.0,2015-06-13,15.365632057189941
73.9,62.1,0.0,0.0,2015-06-14,8.166370391845703
63.0,54.0,0.4,0.0,2015-06-15,3.179466962814331
71.1,55.9,0.0,0.0,2015-06-16,0.5841313004493713
69.1,59.0,0.0,0.0,2015-06-17,0.3898742198944092
75.9,57.0,0.0,0.0,2015-06-18,2.456390380859375
86.0,63.0,0.0,0.0,2015-06-19,6.532611846923828
75.0,57.9,0.04,0.0,2015-06-20,12.303282737731934
75.9,60.1,1.72,0.0,2015-06-21,19.431055068969727
77.0,61.0,0.0,0.0,2015-06-22,27.586149215698242
88.0,60.1,0.01,0.0,2015-06-23,36.46086502075195
84.0,66.9,0.0,0.0,2015-06-24,45.77041244506836
81.0,64.0,0.0,0.0,2015-06-25,55.24350357055664
72.0,59.0,0.0,0.0,2015-06-26,64.60684204101562
68.0,57.0,0.2,0.0,2015-06-27,73.56776428222656
59.0,52.0,1.43,0.0,2015-06-28,81.79965209960938
75.0,53.1,0.0,0.0,2015-06-29,88.93550872802734
75.0,60.1,0.0,0.0,2015-06-30,94.5759506225586
82.0,62.1,0.54,0.0,2015-07-01,98.31693267822266
80.1,64.0,0.0,0.0,2015-07-02,99.79829406738281
75.9,63.0,0.0,0.0,2015-07-03,98.76629638671875
72.0,62.1,0.0,0.0,2015-07-04,95.1343002319336
82.9,61.0,0.0,0.0,2015-07-05,89.02094268798828
80.1,68.0,0.0,0.0,2015-07-06,80.75109100341797
84.0,64.9,0.02,0.0,2015-07-07,70.81884765625
88.0,69.1,0.0,0.0,2015-07-08,59.82630157470703
69.1,63.0,0.15,0.0,2015-07-09,48.417598724365234
77.0,60.1,1.12,0.0,2015-07-10,37.222991943359375
82.9,68.0,0.0,0.0,2015-07-11,26.818252563476562
89.1,72.0,0.0,0.0,2015-07-12,17.69723129272461
77.0,66.9,0.0,0.0,2015-07-13,10.253055572509766
82.0,64.9,0.03,0.0,2015-07-14,4.765203475952148
82.0,66.9,0.0,0.0,2015-07-15,1.3929640054702759
68.0,59.0,0.0,0.0,2015-07-16,0.17746403813362122
75.0,60.1,0.0,0.0,2015-07-17,1.0537705421447754
78.1,64.0,0.14,0.0,2015-07-18,3.8719820976257324
90.0,71.1,0.0,0.0,2015-07-19,8.423419952392578
91.9,70.0,0.0,0.0,2015-07-20,14.466546058654785
81.0,70.0,0.0,0.0,2015-07-21,21.747692108154297
84.0,69.1,0.0,0.0,2015-07-22,30.013368606567383
82.0,66.9,0.0,0.0,2015-07-23,39.01298141479492
81.0,66.0,0.01,0.0,2015-07-24,48.492347717285156
69.1,62.1,0.0,0.0,2015-07-25,58.179786682128906
79.0,63.0,0.0,0.0,2015-07-26,67.76769256591797
86.0,68.0,0.06,0.0,2015-07-27,76.89412689208984
86.0,70.0,0.0,0.0,2015-07-28,85.13158416748047
91.9,71.1,0.0,0.0,2015-07-29,91.99276733398438
91.0,73.9,0.02,0.0,2015-07-30,96.96359252929688
89.1,73.0,0.0,0.0,2015-07-31,99.56858825683594
90.0,68.0,0.0,0.0,2015-08-01,99.46026611328125
88.0,68.0,0.0,0.0,2015-08-02,96.50658416748047
90.0,68.0,0.0,0.0,2015-08-03,90.8414535522461
89.1,66.0,0.49,0.0,2015-08-04,82.8539810180664
84.9,64.9,0.0,0.0,2015-08-05,73.12030029296875
82.0,64.9,0.0,0.0,2015-08-06,62.307159423828125
73.0,64.0,0.0,0.0,2015-08-07,51.08254623413086
75.9,61.0,0.0,0.0,2015-08-08,40.054630279541016
73.0,62.1,0.0,0.0,2015-08-09,29.741985321044922
82.9,63.0,0.0,0.0,2015-08-10,20.566064834594727
72.0,64.0,0.83,0.0,2015-08-11,12.85433578491211
84.9,68.0,0.0,0.0,2015-08-12,6.845924377441406
82.0,66.0,0.0,0.0,2015-08-13,2.6963934898376465
86.0,63.0,0.0,0.0,2015-08-14,0.4819653630256653
91.0,68.0,0.08,0.0,2015-08-15,0.20510300993919373
90.0,66.9,0.0,0.0,2015-08-16,1.8031471967697144
91.0,71.1,0.0,0.0,2015-08-17,5.16022253036499
87.1,71.1,0.14,0.0,2015-08-18,10.12092399597168
88.0,71.1,0.0,0.0,2015-08-19,16.503177642822266
78.1,68.0,0.0,0.0,2015-08-20,24.107391357421875
82.9,66.9,0.63,0.0,2015-08-21,32.71943664550781
73.0,66.9,0.0,0.0,2015-08-22,42.105918884277344
71.1,66.9,0.02,0.0,2015-08-23,52.001502990722656
75.0,68.0,0.0,0.0,2015-08-24,62.08971405029297
81.0,66.9,0.0,0.0,2015-08-25,71.98140716552734
84.9,69.1,0.0,0.0,2015-08-26,81.19914245605469
82.0,64.9,0.0,0.0,2015-08-27,89.18061828613281
75.0,64.0,0.0,0.0,2015-08-28,95.31634521484375
82.0,63.0,0.0,0.0,2015-08-29,99.03055572509766
88.0,69.1,0.0,0.0,2015-08-30,99.89501953125
90.0,71.1,0.0,0.0,2015-08-31,97.7391357421875
79.0,69.1,0.0,0.0,2015-09-01,92.70692443847656
91.0,66.0,0.0,0.0,2015-09-02,85.23065948486328
82.0,70.0,0.01,0.0,2015-09-03,75.9336929321289
72.0,62.1,0.0,0.0,2015-09-04,65.50855255126953
73.0,57.9,0.0,0.0,2015-09-05,54.6164436340332
82.0,61.0,0.0,0.0,2015-09-06,43.83013153076172
93.0,66.0,0.0,0.0,2015-09-07,33.61689376831055
96.1,72.0,0.2,0.0,2015-09-08,24.346094131469727
93.0,72.0,0.0,0.0,2015-09-09,16.305770874023438
77.0,64.0,0.17,0.0,2015-09-10,9.718159675598145
73.0,63.0,0.66,0.0,2015-09-11,4.7498250007629395
71.1,60.1,0.01,0.0,2015-09-12,1.516251802444458
66.0,63.0,0.38,0.0,2015-09-13,0.08290968090295792
72.0,57.0,0.0,0.0,2015-09-14,0.4655151069164276
84.0,62.1,0.0,0.0,2015-09-15,2.6316475868225098
81.0,64.9,0.0,0.0,2015-09-16,6.504610061645508
89.1,64.0,0.0,0.0,2015-09-17,11.96888256072998
84.9,64.9,0.0,0.0,2015-09-18,18.875202178955078
79.0,62.1,0.0,0.0,2015-09-19,27.042598724365234
75.0,57.0,0.0,0.0,2015-09-20,36.25481033325195
66.0,53.1,0.0,0.0,2015-09-21,46.24931335449219
68.0,55.9,0.0,0.0,2015-09-22,56.69919204711914
68.0,54.0,0.0,0.0,2015-09-23,67.19136047363281
73.9,57.9,0.0,0.0,2015-09-24,77.21006774902344
66.0,55.0,0.0,0.0,2015-09-25,86.14058685302734
63.0,50.0,0.0,0.0,2015-09-26,93.31109619140625
64.0,48.0,0.0,0.0,2015-09-27,98.08317565917969
78.1,55.9,0.0,0.0,2015-09-28,99.9780502319336
84.0,64.9,0.04,0.0,2015-09-29,98.79522705078125
78.1,57.0,2.46,0.0,2015-09-30,94.66775512695312
59.0,54.0,0.0,0.0,2015-10-01,88.02442932128906
54.0,50.0,0.08,0.0,2015-10-02,79.47950744628906
54.0,48.9,0.01,0.0,2015-10-03,69.70355224609375
55.9,51.1,0.0,0.0,2015-10-04,59.32380294799805
61.0,48.0,0.0,0.0,2015-10-05,48.87310028076172
64.0,48.0,0.0,0.0,2015-10-06,38.78019332885742
72.0,52.0,0.0,0.0,2015-10-07,29.384048461914062
62.1,51.1,0.0,0.0,2015-10-08,20.956029891967773
72.0,52.0,0.34,0.0,2015-10-09,13.71985149383545
61.0,48.0,0.0,0.0,2015-10-10,7.864568710327148
68.0,48.0,0.0,0.0,2015-10-11,3.549792766571045
75.9,51.1,0.0,0.0,2015-10-12,0.904367208480835
72.0,55.0,0.12,0.0,2015-10-13,0.020981891080737114
68.0,51.1,0.0,0.0,2015-10-14,0.9495447874069214
62.1,46.9,0.0,0.0,2015-10-15,3.691728353500366
61.0,50.0,0.0,0.0,2015-10-16,8.19797134399414
55.9,39.9,0.0,0.0,2015-10-17,14.36665153503418
46.9,33.1,0.0,0.0,2015-10-18,22.043638229370117
48.0,31.1,0.0,0.0,2015-10-19,31.019453048706055
66.0,45.0,0.0,0.0,2015-10-20,41.02153778076172
61.0,53.1,0.07,0.0,2015-10-21,51.7007942199707
73.0,52.0,0.0,0.0,2015-10-22,62.61533737182617
59.0,39.9,0.0,0.0,2015-10-23,73.21975708007812
48.9,37.9,0.0,0.0,2015-10-24,82.87437438964844
63.0,48.0,0.03,0.0,2015-10-25,90.89078521728516
52.0,43.0,0.0,0.0,2015-10-26,96.62169647216797
54.0,37.9,0.0,0.0,2015-10-27,99.58011627197266
64.9,42.1,0.36,0.0,2015-10-28,99.54658508300781
75.0,57.0,0.73,0.0,2015-10-29,96.61518859863281
61.0,42.1,0.0,0.0,2015-10-30,91.1554183959961
52.0,37.9,0.0,0.0,2015-10-31,83.71082305908203
62.1,48.0,0.0,0.0,2015-11-01,74.88246154785156
64.0,51.1,0.0,0.0,2015-11-02,65.23877716064453
73.0,46.9,0.0,0.0,2015-11-03,55.26862335205078
60.1,48.9,0.0,0.0,2015-11-04,45.37165069580078
75.9,50.0,0.0,0.0,2015-11-05,35.8714599609375
73.0,62.1,0.0,0.0,2015-11-06,27.03750228881836
69.1,50.0,0.0,0.0,2015-11-07,19.106199264526367
55.9,44.1,0.0,0.0,2015-11-08,12.296185493469238
60.1,41.0,0.0,0.0,2015-11-09,6.815420627593994
53.1,44.1,0.07,0.0,2015-11-10,2.859821081161499
50.0,46.0,0.54,0.0,2015-11-11,0.6044710874557495
57.0,46.0,0.04,0.0,2015-11-12,0.18967203795909882
59.0,46.0,0.01,0.0,2015-11-13,1.7050204277038574
46.9,37.0,0.0,0.0,2015-11-14,5.1748833656311035
54.0,37.0,0.0,0.0,2015-11-15,10.547837257385254
61.0,39.0,0.0,0.0,2015-11-16,17.690792083740234
45.0,33.1,0.0,0.0,2015-11-17,26.38643455505371
48.0,31.1,0.0,0.0,2015-11-18,36.33146667480469
55.0,43.0,0.0,0.0,2015-11-19,47.133880615234375
61.0,44.1,0.86,0.0,2015-11-20,58.31037902832031
48.0,37.9,0.0,0.0,2015-11-21,69.28981018066406
48.9,36.0,0.3,0.0,2015-11-22,79.43305206298828
42.1,30.2,0.04,0.0,2015-11-23,88.08011627197266
44.1,29.1,0.0,0.0,2015-11-24,94.62731170654297
44.1,30.2,0.0,0.0,2015-11-25,98.62081909179688
59.0,37.9,0.0,0.0,2015-11-26,99.83621978759766
64.0,48.0,0.0,0.0,2015-11-27,98.31085968017578
60.1,41.0,0.21,0.0,2015-11-28,94.314697265625
44.1,32.0,0.0,0.0,2015-11-29,88.27428436279297
37.9,28.2,0.0,0.0,2015-11-30,80.68260192871094
45.0,32.0,0.14,0.0,2015-12-01,72.0250015258789
51.1,39.0,0.32,0.0,2015-12-02,62.73582458496094
52.0,41.0,0.0,0.0,2015-12-03,53.18461608886719
48.0,37.9,0.0,0.0,2015-12-04,43.683162689208984
53.1,39.0,0.0,0.0,2015-12-05,34.5030632019043
59.0,36.0,0.0,0.0,2015-12-06,25.895858764648438
55.9,37.0,0.0,0.0,2015-12-07,18.110252380371094
44.1,37.0,0.0,0.0,2015-12-08,11.40273380279541
46.0,37.0,0.0,0.0,2015-12-09,6.038951873779297
57.9,43.0,0.0,0.0,2015-12-10,2.2842748165130615
57.9,43.0,0.0,0.0,2015-12-11,0.38364702463150024
61.0,48.9,0.0,0.0,2015-12-12,0.5332974791526794
53.1,46.0,0.0,0.0,2015-12-13,2.8496055603027344
57.9,46.0,0.42,0.0,2015-12-14,7.342124938964844
61.0,48.0,0.19,0.0,2015-12-15,13.897034645080566
48.0,37.9,0.0,0.0,2015-12-16,22.273942947387695
52.0,39.0,0.55,0.0,2015-12-17,32.114688873291016
52.0,39.0,0.04,0.0,2015-12-18,42.960018157958984
39.9,33.1,0.0,0.0,2015-12-19,54.2703857421875
41.0,31.1,0.0,0.0,2015-12-20,65.4504623413086
53.1,32.0,0.0,0.0,2015-12-21,75.8807373046875
60.1,48.0,0.23,0.0,2015-12-22,84.9605712890625
55.9,45.0,0.76,0.0,2015-12-23,92.1630859375
69.1,48.0,0.24,0.0,2015-12-24,97.0937271118164
62.1,48.9,0.0,0.0,2015-12-25,99.53691864013672
55.0,41.0,0.0,0.0,2015-12-26,99.47416687011719
50.0,37.9,0.26,0.0,2015-12-27,97.06617736816406
37.9,29.1,0.0,0.0,2015-12-28,92.60564422607422
39.9,24.3,1.02,0.91,2015-12-29,86.45765686035156
37.0,25.2,0.03,0.0,2015-12-30,79.00553894042969
46.9,33.1,0.08,0.0,2015-12-31,70.61375427246094
41.0,33.1,0.0,0.0,2016-01-01,61.61067581176758
39.9,31.1,0.0,0.0,2016-01-02,52.2884635925293
44.1,31.1,0.0,0.0,2016-01-03,42.914493560791016
36.0,14.2,0.0,0.0,2016-01-04,33.748836517333984
26.2,8.2,0.0,0.0,2016-01-05,25.0628604888916
45.0,21.2,0.0,0.0,2016-01-06,17.154428482055664
43.0,26.2,0.0,0.0,2016-01-07,10.354808807373047
42.1,30.2,0.0,0.0,2016-01-08,5.022300720214844
41.0,37.9,0.01,0.0,2016-01-09,1.5185171365737915
57.9,37.9,1.38,0.0,2016-01-10,0.16688670217990875
51.1,25.2,0.0,0.0,2016-01-11,1.199308156967163
37.0,21.2,0.08,0.31,2016-01-12,4.703956604003906
33.1,21.2,0.0,0.0,2016-01-13,10.590561866760254
30.2,21.2,0.0,0.0,2016-01-14,18.585187911987305
42.1,26.2,0.0,0.0,2016-01-15,28.255693435668945
43.0,34.0,1.22,0.0,2016-01-16,39.05799102783203
37.9,29.1,0.1,1.3,2016-01-17,50.38855743408203
29.1,19.2,0.11,1.81,2016-01-18,61.63197708129883
25.2,16.2,0.0,0.0,2016-01-19,72.19960021972656
33.1,19.2,0.0,0.0,2016-01-20,81.56143188476562
33.1,21.2,0.0,0.0,2016-01-21,89.27447509765625
32.0,19.2,0.0,0.0,2016-01-22,95.00810241699219
32.0,20.1,0.37,6.1,2016-01-23,98.5627670288086
36.0,18.1,0.0,0.0,2016-01-24,99.87646484375
35.1,26.2,0.0,0.0,2016-01-25,99.01527404785156
51.1,28.2,0.0,0.0,2016-01-26,96.14885711669922
45.0,31.1,0.0,0.0,2016-01-27,91.51687622070312
42.1,26.2,0.0,0.0,2016-01-28,85.39461517333984
41.0,33.1,0.0,0.0,2016-01-29,78.06513214111328
43.0,30.2,0.0,0.0,2016-01-30,69.8023452758789
57.0,37.9,0.0,0.0,2016-01-31,60.86606216430664
64.9,39.0,0.0,0.0,2016-02-01,51.50782012939453
50.0,36.0,0.0,0.0,2016-02-02,41.98488235473633
57.0,35.1,0.33,0.0,2016-02-03,32.57917022705078
55.9,43.0,0.01,0.0,2016-02-04,23.6168212890625
43.0,25.2,0.96,6.81,2016-02-05,15.482181549072266
35.1,24.3,0.0,0.0,2016-02-06,8.617801666259766
44.1,29.1,0.0,0.0,2016-02-07,3.501009941101074
37.9,18.1,0.53,6.42,2016-02-08,0.59099942445755
29.1,20.1,0.0,0.12,2016-02-09,0.25053104758262634
36.0,20.1,0.0,0.12,2016-02-10,2.661698341369629
31.1,11.1,0.01,0.2,2016-02-11,7.7664289474487305
24.3,8.2,0.0,0.0,2016-02-12,15.258042335510254
24.3,-3.8,0.0,0.0,2016-02-13,24.62852668762207
12.2,-8.9,0.0,0.0,2016-02-14,35.251075744628906
35.1,4.1,0.26,1.3,2016-02-15,46.466346740722656
54.0,31.1,0.66,0.0,2016-02-16,57.648555755615234
46.0,34.0,0.0,0.0,2016-02-17,68.24391174316406
35.1,24.3,0.0,0.0,2016-02-18,77.78702545166016
37.0,20.1,0.0,0.12,2016-02-19,85.90534973144531
60.1,33.1,0.01,0.0,2016-02-20,92.31963348388672
54.0,42.1,0.0,0.0,2016-02-21,96.84379577636719
43.0,30.2,0.0,0.0,2016-02-22,99.38359069824219
39.0,26.2,0.0,0.0,2016-02-23,99.9317855834961
57.0,37.9,0.59,0.0,2016-02-24,98.5579605102539
62.1,41.0,0.81,0.0,2016-02-25,95.39312744140625
41.0,26.2,0.0,0.0,2016-02-26,90.6114730834961
39.0,21.2,0.0,0.0,2016-02-27,84.41276550292969
57.9,36.0,0.0,0.0,2016-02-28,77.00914001464844
63.0,43.0,0.0,0.0,2016-02-29,68.6188735961914
48.9,34.0,0.0,0.0,2016-03-01,59.468624114990234
53.1,25.2,0.37,0.0,2016-03-02,49.80430603027344
34.0,21.2,0.0,0.0,2016-03-03,39.909278869628906
31.1,26.2,0.01,0.51,2016-03-04,30.126680374145508
34.0,23.2,0.0,0.0,2016-03-05,20.879404067993164
42.1,30.2,0.0,0.0,2016-03-06,12.676844596862793
51.1,30.2,0.0,0.0,2016-03-07,6.094015598297119
48.0,36.0,0.0,0.0,2016-03-08,1.7105653285980225
77.0,39.9,0.0,0.0,2016-03-09,0.010528912767767906
66.0,46.9,0.4,0.0,2016-03-10,1.2676976919174194
50.0,41.0,0.09,0.0,2016-03-11,5.46226692199707
60.1,36.0,0.0,0.0,2016-03-12,12.270174026489258
63.0,45.0,0.0,0.0,2016-03-13,21.13200569152832
45.0,39.0,0.21,0.0,2016-03-14,31.367870330810547
45.0,41.0,1.14,0.0,2016-03-15,42.28936767578125
48.0,41.0,0.03,0.0,2016-03-16,53.2755012512207
64.0,43.0,0.07,0.0,2016-03-17,63.80609893798828
52.0,35.1,0.03,0.0,2016-03-18,73.46438598632812
45.0,29.1,0.0,0.0,2016-03-19,81.92488861083984
35.1,26.2,0.02,0.0,2016-03-20,88.93889617919922
44.1,28.2,0.22,3.58,2016-03-21,94.32362365722656
48.9,33.1,0.0,0.0,2016-03-22,97.95626068115234
63.0,42.1,0.0,0.0,2016-03-23,99.77119445800781
43.0,36.0,0.0,0.0,2016-03-24,99.75772094726562
46.0,37.0,0.16,0.0,2016-03-25,97.95613098144531
43.0,34.0,0.0,0.0,2016-03-26,94.45130920410156
42.1,34.0,0.0,0.0,2016-03-27,89.36467742919922
46.9,37.9,0.41,0.0,2016-03-28,82.84662628173828
51.1,37.9,0.0,0.0,2016-03-29,75.07194519042969
59.0,34.0,0.0,0.0,2016-03-30,66.24098205566406
71.1,43.0,0.0,0.0,2016-03-31,56.588340759277344
69.1,59.0,0.05,0.0,2016-04-01,46.39952850341797
59.0,42.1,0.32,0.0,2016-04-02,36.03349685668945
43.0,29.1,0.49,1.89,2016-04-03,25.94476318359375
30.2,24.3,0.41,4.69,2016-04-04,16.69291114807129
37.0,22.1,0.0,0.0,2016-04-05,8.921947479248047
42.1,25.2,0.0,0.0,2016-04-06,3.2933120727539062
57.9,42.1,1.03,0.0,2016-04-07,0.371978759765625
53.1,37.0,0.0,0.0,2016-04-08,0.49484288692474365
46.0,32.0,0.0,0.0,2016-04-09,3.6764345169067383
48.9,31.1,0.0,0.0,2016-04-10,9.600652694702148
60.1,42.1,0.01,0.0,2016-04-11,17.703441619873047
60.1,43.0,0.22,0.0,2016-04-12,27.303342819213867
50.0,37.9,0.0,0.0,2016-04-13,37.72265625
48.9,37.9,0.0,0.0,2016-04-14,48.36396026611328
54.0,37.9,0.0,0.0,2016-04-15,58.73831558227539
54.0,41.0,0.0,0.0,2016-04-16,68.46028137207031
54.0,39.0,0.0,0.0,2016-04-17,77.2281494140625
66.9,42.1,0.0,0.0,2016-04-18,84.80269622802734
54.0,44.1,0.02,0.0,2016-04-19,90.99128723144531
51.1,44.1,0.0,0.0,2016-04-20,95.6392822265625
77.0,43.0,0.0,0.0,2016-04-21,98.62786865234375
78.1,57.9,0.0,0.0,2016-04-22,99.87596130371094
64.0,48.0,0.09,0.0,2016-04-23,99.34355926513672
50.0,42.1,0.0,0.0,2016-04-24,97.03434753417969
57.0,44.1,0.0,0.0,2016-04-25,92.99645233154297
51.1,37.0,0.27,0.0,2016-04-26,87.3217544555664
62.1,37.0,0.0,0.0,2016-04-27,80.14533233642578
54.0,41.0,0.0,0.0,2016-04-28,71.6476821899414
51.1,43.0,0.0,0.0,2016-04-29,62.06216049194336
55.0,41.0,0.0,0.0,2016-04-30,51.688934326171875
53.1,43.0,0.1,0.0,2016-05-01,40.91416931152344
51.1,43.0,0.39,0.0,2016-05-02,30.228219985961914
48.9,45.0,0.1,0.0,2016-05-03,20.230295181274414
50.0,43.0,0.48,0.0,2016-05-04,11.602088928222656
46.9,44.1,0.15,0.0,2016-05-05,5.035556793212891
53.1,46.0,0.09,0.0,2016-05-06,1.1172888278961182
51.1,46.0,0.0,0.0,2016-05-07,0.20121005177497864
63.0,46.0,0.02,0.0,2016-05-08,2.323367118835449
66.0,46.0,0.0,0.0,2016-05-09,7.201514720916748
71.1,46.9,0.0,0.0,2016-05-10,14.318648338317871
68.0,54.0,0.0,0.0,2016-05-11,23.047237396240234
66.0,54.0,0.0,0.0,2016-05-12,32.76163864135742
73.9,52.0,0.11,0.0,2016-05-13,42.90805435180664
77.0,59.0,0.0,0.0,2016-05-14,53.02969741821289
61.0,45.0,0.0,0.0,2016-05-15,62.7610969543457
59.0,42.1,0.0,0.0,2016-05-16,71.80801391601562
70.0,50.0,0.0,0.0,2016-05-17,79.9251708984375
59.0,48.9,0.0,0.0,2016-05-18,86.89866638183594
60.1,50.0,0.0,0.0,2016-05-19,92.53575897216797
71.1,51.1,0.0,0.0,2016-05-20,96.66242980957031
75.9,53.1,0.0,0.0,2016-05-21,99.12760162353516
62.1,52.0,0.0,0.0,2016-05-22,99.8117446899414
73.0,51.1,0.0,0.0,2016-05-23,98.6375503540039
59.0,52.0,0.26,0.0,2016-05-24,95.58008575439453
88.0,53.1,0.0,0.0,2016-05-25,90.6750259399414
79.0,57.9,0.0,0.0,2016-05-26,84.0245361328125
73.0,57.9,0.0,0.0,2016-05-27,75.80220031738281
91.9,66.9,0.0,0.0,2016-05-28,66.25912475585938
77.0,53.1,0.0,0.0,2016-05-29,55.732486724853516
75.9,52.0,1.13,0.0,2016-05-30,44.65571212768555
87.1,68.0,0.0,0.0,2016-05-31,33.56470489501953
73.0,57.0,0.0,0.0,2016-06-01,23.089309692382812
62.1,55.9,0.0,0.0,2016-06-02,13.916399955749512
70.0,57.0,0.0,0.0,2016-06-03,6.716172695159912
70.0,61.0,0.0,0.0,2016-06-04,2.039187431335449
68.0,60.1,0.91,0.0,2016-06-05,0.2138143926858902
84.0,64.9,0.0,0.0,2016-06-06,1.285422682762146
86.0,63.0,0.15,0.0,2016-06-07,5.024951457977295
73.9,57.0,0.0,0.0,2016-06-08,11.001042366027832
69.1,54.0,0.0,0.0,2016-06-09,18.681381225585938
72.0,55.0,0.0,0.0,2016-06-10,27.52431297302246
68.0,54.0,0.02,0.0,2016-06-11,37.03787612915039
80.1,55.0,0.0,0.0,2016-06-12,46.8034553527832
73.0,54.0,0.0,0.0,2016-06-13,56.47343063354492
79.0,55.0,0.0,0.0,2016-06-14,65.75495910644531
84.9,66.0,0.0,0.0,2016-06-15,74.3898696899414
77.0,61.0,0.0,0.0,2016-06-16,82.13695526123047
73.9,59.0,0.12,0.0,2016-06-17,88.76040649414062
72.0,60.1,0.0,0.0,2016-06-18,94.0263442993164
82.0,57.0,0.0,0.0,2016-06-19,97.7080307006836
82.9,60.1,0.0,0.0,2016-06-20,99.59929656982422
87.1,64.0,0.02,0.0,2016-06-21,99.53398132324219
78.1,64.0,0.0,0.0,2016-06-22,97.40816497802734
77.0,60.1,0.0,0.0,2016-06-23,93.2009048461914
72.0,61.0,0.0,0.0,2016-06-24,86.98989868164062
73.0,59.0,0.0,0.0,2016-06-25,78.9602279663086
84.0,59.0,0.0,0.0,2016-06-26,69.40653228759766
86.0,64.0,0.0,0.0,2016-06-27,58.73008346557617
79.0,68.0,0.08,0.0,2016-06-28,47.43138885498047
87.1,66.9,0.03,0.0,2016-06-29,36.09612274169922
81.0,68.0,0.0,0.0,2016-06-30,25.368581771850586
86.0,68.0,0.2,0.0,2016-07-01,15.906379699707031
80.1,64.9,0.0,0.0,2016-07-02,8.314769744873047
84.0,64.0,0.0,0.0,2016-07-03,3.06992506980896
88.0,66.0,0.0,0.0,2016-07-04,0.4519388973712921
75.9,64.0,0.23,0.0,2016-07-05,0.5114650726318359
93.9,71.1,0.0,0.0,2016-07-06,3.0831000804901123
79.0,61.0,0.0,0.0,2016-07-07,7.83912467956543
66.9,61.0,0.02,0.0,2016-07-08,14.361930847167969
64.9,59.0,0.11,0.0,2016-07-09,22.211111068725586
64.0,59.0,0.09,0.0,2016-07-10,30.96986961364746
72.0,59.0,0.0,0.0,2016-07-11,40.266944885253906
88.0,64.9,0.0,0.0,2016-07-12,49.77834701538086
91.9,64.9,0.0,0.0,2016-07-13,59.21617889404297
87.1,69.1,0.0,0.0,2016-07-14,68.31160736083984
96.1,72.0,0.0,0.0,2016-07-15,76.79742431640625
93.9,75.0,0.0,0.0,2016-07-16,84.3946304321289
79.0,68.0,0.0,0.0,2016-07-17,90.80663299560547
95.0,66.9,0.01,0.0,2016-07-18,95.72428131103516
84.0,68.0,0.0,0.0,2016-07-19,98.84375
84.0,64.9,0.0,0.0,2016-07-20,99.89688873291016
91.0,66.9,0.0,0.0,2016-07-21,98.68991088867188
98.1,73.0,0.0,0.0,2016-07-22,95.14250183105469
93.9,72.0,0.0,0.0,2016-07-23,89.31741333007812
91.0,68.0,0.0,0.0,2016-07-24,81.43257141113281
91.9,66.9,0.0,0.0,2016-07-25,71.85311126708984
93.9,75.9,0.0,0.0,2016-07-26,61.066829681396484
87.1,73.0,0.0,0.0,2016-07-27,49.64958190917969
91.9,73.0,0.0,0.0,2016-07-28,38.226383209228516
79.0,72.0,0.06,0.0,2016-07-29,27.43033790588379
80.1,71.1,0.0,0.0,2016-07-30,17.85894203186035
73.9,68.0,0.15,0.0,2016-07-31,10.028059005737305
75.0,69.1,0.0,0.0,2016-08-01,4.327914237976074
73.9,64.9,0.04,0.0,2016-08-02,0.9899121522903442
79.0,62.1,0.0,0.0,2016-08-03,0.07391945272684097
82.0,64.0,0.0,0.0,2016-08-04,1.4809160232543945
89.1,64.0,0.0,0.0,2016-08-05,4.9875407218933105
89.1,70.0,0.02,0.0,2016-08-06,10.292022705078125
89.1,72.0,0.0,0.0,2016-08-07,17.058958053588867
82.0,69.1,0.0,0.0,2016-08-08,24.953414916992188
84.0,70.0,0.0,0.0,2016-08-09,33.66007614135742
80.1,68.0,0.23,0.0,2016-08-10,42.887855529785156
96.1,75.0,0.0,0.0,2016-08-11,52.36301803588867
98.1,78.1,0.01,0.0,2016-08-12,61.814910888671875
82.0,68.0,0.34,0.0,2016-08-13,70.95845794677734
96.1,69.1,0.18,0.0,2016-08-14,79.47787475585938
90.0,73.0,0.0,0.0,2016-08-15,87.01686096191406
81.0,69.1,0.0,0.0,2016-08-16,93.1815185546875
84.9,72.0,0.0,0.0,2016-08-17,97.56182861328125
90.0,69.1,0.0,0.0,2016-08-18,99.7747573852539
81.0,66.9,0.0,0.0,2016-08-19,99.5247802734375
86.0,66.0,0.0,0.0,2016-08-20,96.66816711425781
78.1,64.9,0.01,0.0,2016-08-21,91.2604751586914
80.1,64.9,0.89,0.0,2016-08-22,83.56929779052734
82.0,61.0,0.0,0.0,2016-08-23,74.04690551757812
88.0,64.9,0.0,0.0,2016-08-24,63.27310562133789
88.0,68.0,0.0,0.0,2016-08-25,51.88805389404297
91.0,73.0,0.0,0.0,2016-08-26,40.53215789794922
82.9,69.1,0.0,0.0,2016-08-27,29.801280975341797
78.1,66.0,0.0,0.0,2016-08-28,20.216400146484375
90.0,69.1,0.0,0.0,2016-08-29,12.203071594238281
77.0,64.0,0.0,0.0,2016-08-30,6.0769195556640625
82.0,68.0,0.0,0.0,2016-08-31,2.0347211360931396
75.9,68.0,0.02,0.0,2016-09-01,0.15317271649837494
75.0,64.0,0.0,0.0,2016-09-02,0.3975869417190552
70.0,60.1,0.0,0.0,2016-09-03,2.6404869556427
72.0,60.1,0.0,0.0,2016-09-04,6.686977386474609
73.9,60.1,0.07,0.0,2016-09-05,12.301716804504395
72.0,63.0,0.14,0.0,2016-09-06,19.232112884521484
75.9,64.9,0.03,0.0,2016-09-07,27.223764419555664
75.9,66.0,0.0,0.0,2016-09-08,36.02627944946289
93.0,73.0,0.0,0.0,2016-09-09,45.38949966430664
78.1,70.0,0.01,0.0,2016-09-10,55.05143737792969
82.9,63.0,0.03,0.0,2016-09-11,64.7204360961914
72.0,59.0,0.0,0.0,2016-09-12,74.05548095703125
82.9,60.1,0.0,0.0,2016-09-13,82.65099334716797
90.0,62.1,0.06,0.0,2016-09-14,90.0354232788086
66.0,57.0,0.0,0.0,2016-09-15,95.6943130493164
70.0,54.0,0.0,0.0,2016-09-16,99.12613677978516
78.1,55.0,0.0,0.0,2016-09-17,99.9276123046875
82.0,66.0,0.0,0.0,2016-09-18,97.88752746582031
73.9,66.9,0.33,0.0,2016-09-19,93.05396270751953
75.0,66.9,0.0,0.0,2016-09-20,85.74378204345703
82.9,69.1,0.0,0.0,2016-09-21,76.48848724365234
79.0,61.0,0.0,0.0,2016-09-22,65.94044494628906
82.0,55.9,0.34,0.0,2016-09-23,54.77654266357422
66.9,54.0,0.0,0.0,2016-09-24,43.626956939697266
66.0,48.9,0.0,0.0,2016-09-25,33.03702163696289
64.0,48.0,0.0,0.0,2016-09-26,23.455219268798828
72.0,59.0,0.22,0.0,2016-09-27,15.23516845703125
61.0,55.9,0.0,0.0,2016-09-28,8.641674041748047
60.1,54.0,0.0,0.0,2016-09-29,3.8559632301330566
62.1,55.9,0.13,0.0,2016-09-30,0.979604959487915
59.0,54.0,0.71,0.0,2016-10-01,0.03898024186491966
57.0,53.1,0.03,0.0,2016-10-02,0.992404580116272
68.0,55.0,0.0,0.0,2016-10-03,3.740799903869629
63.0,50.0,0.0,0.0,2016-10-04,8.141064643859863
60.1,48.0,0.0,0.0,2016-10-05,14.019775390625
66.9,48.9,0.0,0.0,2016-10-06,21.184206008911133
68.0,53.1,0.0,0.0,2016-10-07,29.42794418334961
68.0,52.0,0.01,0.0,2016-10-08,38.52912902832031
64.9,48.0,1.84,0.0,2016-10-09,48.24046325683594
59.0,45.0,0.0,0.0,2016-10-10,58.27170944213867
59.0,44.1,0.0,0.0,2016-10-11,68.26758575439453
62.1,48.0,0.0,0.0,2016-10-12,77.7877197265625
72.0,51.1,0.0,0.0,2016-10-13,86.3001708984375
60.1,46.0,0.0,0.0,2016-10-14,93.20410919189453
55.9,42.1,0.0,0.0,2016-10-15,97.89505767822266
71.1,46.0,0.0,0.0,2016-10-16,99.87135314941406
75.0,62.1,0.0,0.0,2016-10-17,98.85401153564453
69.1,57.0,0.14,0.0,2016-10-18,94.87039947509766
81.0,62.1,0.0,0.0,2016-10-19,88.2590103149414
62.1,55.9,0.08,0.0,2016-10-20,79.59143829345703
75.0,59.0,1.11,0.0,2016-10-21,69.55044555664062
64.9,44.1,0.15,0.0,2016-10-22,58.8159065246582
57.9,44.1,0.0,0.0,2016-10-23,47.99140930175781
61.0,46.0,0.0,0.0,2016-10-24,37.575477600097656
48.9,39.0,0.0,0.0,2016-10-25,27.96380615234375
48.9,37.0,0.0,0.0,2016-10-26,19.4654598236084
48.9,34.0,0.65,0.0,2016-10-27,12.320487022399902
55.0,44.1,0.61,0.0,2016-10-28,6.712628364562988
57.0,42.1,0.0,0.0,2016-10-29,2.775770664215088
64.9,46.0,0.13,0.0,2016-10-30,0.5956793427467346
52.0,37.9,0.0,0.0,2016-10-31,0.20973502099514008
51.1,34.0,0.0,0.0,2016-11-01,1.6072750091552734
70.0,45.0,0.0,0.0,2016-11-02,4.732125282287598
64.0,51.1,0.08,0.0,2016-11-03,9.48735523223877
57.0,39.0,0.0,0.0,2016-11-04,15.740797996520996
57.0,35.1,0.0,0.0,2016-11-05,23.32883644104004
52.0,43.0,0.09,0.0,2016-11-06,32.055625915527344
46.9,36.0,0.0,0.0,2016-11-07,41.68546676635742
59.0,37.9,0.0,0.0,2016-11-08,51.927425384521484
62.1,44.1,0.01,0.0,2016-11-09,62.41399002075195
53.1,39.0,0.0,0.0,2016-11-10,72.67996215820312
60.1,37.9,0.0,0.0,2016-11-11,82.15422058105469
48.0,34.0,0.0,0.0,2016-11-12,90.18220520019531
60.1,41.0,0.0,0.0,2016-11-13,96.09514617919922
66.0,39.0,0.0,0.0,2016-11-14,99.32565307617188
57.9,46.0,0.99,0.0,2016-11-15,99.53846740722656
55.0,51.1,0.03,0.0,2016-11-16,96.72045135498047
57.0,45.0,0.0,0.0,2016-11-17,91.1830825805664
63.0,43.0,0.0,0.0,2016-11-18,83.47611236572266
51.1,43.0,0.0,0.0,2016-11-19,74.2575912475586
48.9,32.0,0.08,0.0,2016-11-20,64.1766586303711
37.9,30.2,0.0,0.0,2016-11-21,53.80191421508789
43.0,32.0,0.0,0.0,2016-11-22,43.59707260131836
45.0,33.1,0.0,0.0,2016-11-23,33.92850112915039
44.1,33.1,0.05,0.0,2016-11-24,25.086626052856445
48.0,39.0,0.03,0.0,2016-11-25,17.30849838256836
46.9,37.9,0.0,0.0,2016-11-26,10.794548034667969
46.0,36.0,0.0,0.0,2016-11-27,5.7173542976379395
46.0,33.1,0.0,0.0,2016-11-28,2.2228801250457764
57.9,33.1,0.43,0.0,2016-11-29,0.4261820316314697
52.0,42.1,0.91,0.0,2016-11-30,0.4043208360671997
57.0,43.0,0.31,0.0,2016-12-01,2.18927001953125
51.1,37.9,0.0,0.0,2016-12-02,5.762870788574219
44.1,35.1,0.0,0.0,2016-12-03,11.054500579833984
42.1,31.1,0.0,0.0,2016-12-04,17.94043731689453
39.9,31.1,0.14,0.31,2016-12-05,26.24253273010254
44.1,34.0,0.0,0.0,2016-12-06,35.72334289550781
42.1,36.0,0.08,0.0,2016-12-07,46.075714111328125
43.0,34.0,0.0,0.0,2016-12-08,56.9074821472168
37.0,25.2,0.0,0.0,2016-12-09,67.7266845703125
29.1,21.2,0.0,0.0,2016-12-10,77.93888854980469
35.1,20.1,0.02,0.2,2016-12-11,86.8729476928711
44.1,29.1,0.42,0.71,2016-12-12,93.8489761352539
43.0,35.1,0.0,0.0,2016-12-13,98.28648376464844
42.1,27.1,0.0,0.0,2016-12-14,99.8235092163086
32.0,14.2,0.0,0.0,2016-12-15,98.39733123779297
21.2,4.1,0.0,0.0,2016-12-16,94.24732971191406
36.0,21.2,0.53,4.29,2016-12-17,87.839599609375
57.0,33.1,0.11,0.0,2016-12-18,79.75212860107422
33.1,19.2,0.0,0.0,2016-12-19,70.56885528564453
34.0,18.1,0.0,0.0,2016-12-20,60.81206512451172
45.0,29.1,0.0,0.0,2016-12-21,50.91666793823242
39.0,31.1,0.02,0.0,2016-12-22,41.23453903198242
46.0,35.1,0.0,0.0,2016-12-23,32.053924560546875
45.0,35.1,0.38,0.0,2016-12-24,23.62211799621582
45.0,27.1,0.0,0.0,2016-12-25,16.1644287109375
48.0,24.3,0.01,0.0,2016-12-26,9.895869255065918
57.9,39.0,0.0,0.0,2016-12-27,5.0242743492126465
42.1,32.0,0.0,0.0,2016-12-28,1.7449536323547363
43.0,29.1,1.16,0.39,2016-12-29,0.22841402888298035
41.0,30.2,0.0,0.0,2016-12-30,0.6038457155227661
42.1,26.2,0.07,0.0,2016-12-31,2.9419078826904297
44.1,33.1,0.07,0.0,2017-01-01,7.240288257598877
41.0,28.2,0.0,0.0,2017-01-02,13.414216995239258
44.1,39.9,0.89,0.0,2017-01-03,21.29195213317871
48.0,33.1,0.06,0.0,2017-01-04,30.61329460144043
34.0,27.1,0.0,0.0,2017-01-05,41.0285530090332
31.1,24.3,0.06,1.1,2017-01-06,52.097015380859375
24.3,17.2,0.53,7.01,2017-01-07,63.287864685058594
22.1,13.1,0.01,0.2,2017-01-08,73.99149322509766
20.1,11.1,0.0,0.0,2017-01-09,83.55205535888672
39.0,16.2,0.14,0.0,2017-01-10,91.32894897460938
55.0,39.0,0.09,0.0,2017-01-11,96.78294372558594
61.0,41.0,0.15,0.0,2017-01-12,99.56475830078125
57.9,25.2,0.0,0.0,2017-01-13,99.57323455810547
31.1,18.1,0.0,0.0,2017-01-14,96.95763397216797
37.0,27.1,0.0,0.0,2017-01-15,92.06395721435547
42.1,23.2,0.0,0.0,2017-01-16,85.35009002685547
42.1,32.0,0.3,0.0,2017-01-17,77.30254364013672
39.9,32.0,0.36,0.0,2017-01-18,68.3775405883789
46.0,31.1,0.0,0.0,2017-01-19,58.97289276123047
39.9,34.0,0.0,0.0,2017-01-20,49.42522048950195
55.0,37.0,0.0,0.0,2017-01-21,40.022857666015625
48.0,39.0,0.06,0.0,2017-01-22,31.025346755981445
39.9,35.1,0.31,0.0,2017-01-23,22.68289566040039
42.1,35.1,1.09,0.0,2017-01-24,15.25129222869873
44.1,36.0,0.02,0.0,2017-01-25,8.998908042907715
51.1,37.0,0.05,0.0,2017-01-26,4.203322887420654
44.1,36.0,0.0,0.0,2017-01-27,1.1363457441329956
39.9,32.0,0.0,0.0,2017-01-28,0.03828562796115875
43.0,30.2,0.0,0.0,2017-01-29,1.0853428840637207
36.0,24.3,0.0,0.0,2017-01-30,4.356879234313965
28.2,20.1,0.06,0.59,2017-01-31,9.810372352600098
43.0,27.1,0.05,0.79,2017-02-01,17.2698974609375
39.9,29.1,0.0,0.0,2017-02-02,26.42953872680664
33.1,25.2,0.0,0.0,2017-02-03,36.868648529052734
33.1,21.2,0.0,0.0,2017-02-04,48.073917388916016
44.1,26.2,0.0,0.0,2017-02-05,59.46500778198242
39.0,32.0,0.0,0.0,2017-02-06,70.42442321777344
37.9,33.1,0.44,1.18,2017-02-07,80.33525085449219
52.0,25.2,0.02,0.0,2017-02-08,88.62947845458984
39.0,11.1,1.25,10.91,2017-02-09,94.84370422363281
25.2,11.1,0.0,0.0,2017-02-10,98.6707534790039
30.2,15.3,0.21,3.19,2017-02-11,99.99137115478516
35.1,19.2,0.77,1.5,2017-02-12,98.87398529052734
34.0,24.3,0.09,2.2,2017-02-13,95.54199981689453
34.0,22.1,0.0,0.0,2017-02-14,90.32048034667969
39.9,27.1,0.22,0.12,2017-02-15,83.57962799072266
35.1,27.1,0.07,1.61,2017-02-16,75.68956756591797
41.0,23.2,0.0,0.0,2017-02-17,66.99353790283203
48.9,26.2,0.0,0.0,2017-02-18,57.799400329589844
59.0,39.0,0.0,0.0,2017-02-19,48.385398864746094
48.0,33.1,0.0,0.0,2017-02-20,39.014793395996094
39.9,30.2,0.0,0.0,2017-02-21,29.954370498657227
55.9,37.9,0.0,0.0,2017-02-22,21.492130279541016
68.0,39.0,0.0,0.0,2017-02-23,13.949457168579102
73.0,46.0,0.0,0.0,2017-02-24,7.682470321655273
69.1,48.9,0.1,0.0,2017-02-25,3.067394971847534
48.9,32.0,0.0,0.0,2017-02-26,0.4668453335762024
55.0,30.2,0.0,0.0,2017-02-27,0.17918401956558228
51.1,39.0,0.0,0.0,2017-02-28,2.3808369636535645
63.0,48.0,0.02,0.0,2017-03-01,7.077927589416504
57.9,31.1,0.0,0.0,2017-03-02,14.08372974395752
36.0,20.1,0.0,0.12,2017-03-03,23.029985427856445
21.2,10.2,0.0,0.0,2017-03-04,33.40723419189453
32.0,9.1,0.0,0.0,2017-03-05,44.619834899902344
37.0,16.2,0.0,0.0,2017-03-06,56.04062271118164
48.0,30.2,0.02,0.0,2017-03-07,67.05650329589844
57.0,43.0,0.05,0.0,2017-03-08,77.10407257080078
51.1,37.9,0.0,0.0,2017-03-09,85.69850158691406
37.9,23.2,0.2,2.6,2017-03-10,92.45838165283203
23.2,10.2,0.02,0.2,2017-03-11,97.12545013427734
27.1,9.1,0.0,0.0,2017-03-12,99.57514953613281
34.0,14.2,0.0,0.0,2017-03-13,99.81368255615234
37.9,27.1,1.62,6.61,2017-03-14,97.96038055419922
28.2,19.2,0.0,0.0,2017-03-15,94.21876525878906
35.1,22.1,0.0,0.0,2017-03-16,88.84335327148438
42.1,27.1,0.0,0.0,2017-03-17,82.10948181152344
36.0,24.3,0.0,0.0,2017-03-18,74.29191589355469
37.9,31.1,0.01,0.0,2017-03-19,65.65459442138672
53.1,32.0,0.0,0.0,2017-03-20,56.451507568359375
53.1,39.9,0.0,0.0,2017-03-21,46.93691635131836
43.0,18.1,0.0,0.0,2017-03-22,37.38214111328125
37.9,18.1,0.0,0.0,2017-03-23,28.095293045043945
46.9,27.1,0.03,0.0,2017-03-24,19.438663482666016
46.9,34.0,0.08,0.0,2017-03-25,11.83637523651123
41.0,30.2,0.0,0.0,2017-03-26,5.762706279754639
44.1,36.0,0.48,0.0,2017-03-27,1.7024457454681396
39.9,36.0,0.72,0.0,2017-03-28,0.08162817358970642
46.9,37.0,0.06,0.0,2017-03-29,1.180915117263794
48.0,34.0,0.0,0.0,2017-03-30,5.058959484100342
39.9,33.1,0.87,0.59,2017-03-31,11.517351150512695
37.9,33.1,1.56,1.18,2017-04-01,20.124006271362305
57.0,33.1,0.0,0.0,2017-04-02,30.285194396972656
55.0,37.9,0.0,0.0,2017-04-03,41.336483001708984
43.0,37.9,0.68,0.0,2017-04-04,52.622398376464844
41.0,37.0,0.0,0.0,2017-04-05,63.54896926879883
53.1,37.0,1.36,0.0,2017-04-06,73.60948181152344
54.0,41.0,0.0,0.0,2017-04-07,82.39266204833984
48.9,37.9,0.0,0.0,2017-04-08,89.58290100097656
66.0,39.9,0.0,0.0,2017-04-09,94.95854949951172
75.9,44.1,0.0,0.0,2017-04-10,98.38965606689453
84.0,52.0,0.0,0.0,2017-04-11,99.83358001708984
60.1,48.0,0.02,0.0,2017-04-12,99.3267593383789
59.0,45.0,0.0,0.0,2017-04-13,96.97171783447266
60.1,44.1,0.0,0.0,2017-04-14,92.92057800292969
70.0,42.1,0.0,0.0,2017-04-15,87.35798645019531
86.0,57.0,0.0,0.0,2017-04-16,80.48680114746094
75.0,48.9,0.0,0.0,2017-04-17,72.5194091796875
51.1,39.0,0.0,0.0,2017-04-18,63.6767578125
55.9,39.0,0.07,0.0,2017-04-19,54.195701599121094
55.0,44.1,0.01,0.0,2017-04-20,44.344234466552734
45.0,44.1,0.51,0.0,2017-04-21,34.44226837158203
45.0,43.0,0.05,0.0,2017-04-22,24.883079528808594
57.9,41.0,0.0,0.0,2017-04-23,16.14645004272461
64.0,45.0,0.0,0.0,2017-04-24,8.7901029586792
50.0,45.0,0.89,0.0,2017-04-25,3.4053080081939697
55.9,45.0,0.56,0.0,2017-04-26,0.530765950679779
59.0,50.0,0.0,0.0,2017-04-27,0.5392522215843201
82.0,51.1,0.01,0.0,2017-04-28,3.5359654426574707
84.0,59.0,0.0,0.0,2017-04-29,9.31543254852295
64.0,45.0,0.01,0.0,2017-04-30,17.4002685546875
48.0,45.0,0.0,0.0,2017-05-01,27.143165588378906
66.0,44.1,0.19,0.0,2017-05-02,37.84559631347656
64.0,48.9,0.0,0.0,2017-05-03,48.8510627746582
55.9,46.0,0.0,0.0,2017-05-04,59.595680236816406
51.1,46.9,0.64,0.0,2017-05-05,69.62181091308594
64.9,48.9,0.1,0.0,2017-05-06,78.5702896118164
64.0,50.0,0.0,0.0,2017-05-07,86.16553497314453
55.0,44.1,0.0,0.0,2017-05-08,92.2022476196289
52.0,42.1,0.0,0.0,2017-05-09,96.5367202758789
55.0,46.9,0.0,0.0,2017-05-10,99.08226776123047
54.0,48.0,0.0,0.0,2017-05-11,99.80643463134766
53.1,46.9,0.01,0.0,2017-05-12,98.7277603149414
53.1,45.0,0.02,0.0,2017-05-13,95.91061401367188
51.1,46.0,0.95,0.0,2017-05-14,91.4583740234375
61.0,46.9,0.07,0.0,2017-05-15,85.5062484741211
81.0,55.0,0.0,0.0,2017-05-16,78.21617889404297
91.9,60.1,0.0,0.0,2017-05-17,69.77632141113281
95.0,71.1,0.05,0.0,2017-05-18,60.40715408325195
90.0,57.9,0.01,0.0,2017-05-19,50.37541580200195
59.0,52.0,0.0,0.0,2017-05-20,40.0146484375
61.0,48.0,0.0,0.0,2017-05-21,29.747894287109375
55.9,50.0,0.12,0.0,2017-05-22,20.102474212646484
68.0,53.1,0.0,0.0,2017-05-23,11.700956344604492
64.0,54.0,0.0,0.0,2017-05-24,5.210934638977051
55.0,50.0,0.63,0.0,2017-05-25,1.246018886566162
60.1,48.9,0.55,0.0,2017-05-26,0.2361537218093872
61.0,53.1,0.0,0.0,2017-05-27,2.3150956630706787
66.9,54.0,0.0,0.0,2017-05-28,7.279613018035889
54.0,48.9,0.05,0.0,2017-05-29,14.642682075500488
59.0,48.9,0.0,0.0,2017-05-30,23.752540588378906
68.0,54.0,0.06,0.0,2017-05-31,33.92148971557617
79.0,55.9,0.16,0.0,2017-06-01,44.519474029541016
72.0,51.1,0.01,0.0,2017-06-02,55.01842498779297
69.1,52.0,0.0,0.0,2017-06-03,64.99742126464844
70.0,54.0,0.18,0.0,2017-06-04,74.12688446044922
57.0,52.0,0.59,0.0,2017-06-05,82.14703369140625
52.0,46.9,0.8,0.0,2017-06-06,88.84967803955078
62.1,50.0,0.04,0.0,2017-06-07,94.06687927246094
71.1,51.1,0.0,0.0,2017-06-08,97.66631317138672
79.0,55.0,0.0,0.0,2017-06-09,99.55181121826172
84.9,61.0,0.0,0.0,2017-06-10,99.66629028320312
91.9,66.0,0.0,0.0,2017-06-11,97.99486541748047
95.0,71.1,0.0,0.0,2017-06-12,94.56668090820312
95.0,72.0,0.53,0.0,2017-06-13,89.45516967773438
73.0,59.0,0.0,0.0,2017-06-14,82.77791595458984
75.0,57.0,0.0,0.0,2017-06-15,74.69827270507812
71.1,57.0,2.13,0.0,2017-06-16,65.43135833740234
69.1,57.9,0.02,0.0,2017-06-17,55.256080627441406
84.0,68.0,0.0,0.0,2017-06-18,44.532928466796875
84.9,70.0,0.03,0.0,2017-06-19,33.722904205322266
86.0,68.0,0.13,0.0,2017-06-20,23.397245407104492
84.0,66.9,0.0,0.0,2017-06-21,14.221589088439941
84.0,64.9,0.0,0.0,2017-06-22,6.898049831390381
90.0,64.9,0.0,0.0,2017-06-23,2.0609264373779297
88.0,71.1,0.08,0.0,2017-06-24,0.14859633147716522
84.9,64.9,0.0,0.0,2017-06-25,1.3006818294525146
80.1,62.1,0.0,0.0,2017-06-26,5.329892635345459
77.0,57.9,0.08,0.0,2017-06-27,11.782445907592773
79.0,57.9,0.0,0.0,2017-06-28,20.054662704467773
79.0,63.0,0.0,0.0,2017-06-29,29.512693405151367
84.0,68.0,0.07,0.0,2017-06-30,39.576576232910156
88.0,69.1,0.11,0.0,2017-07-01,49.758399963378906
90.0,71.1,0.0,0.0,2017-07-02,59.66468811035156
87.1,71.1,0.0,0.0,2017-07-03,68.9796371459961
82.0,66.9,0.0,0.0,2017-07-04,77.44280242919922
79.0,62.1,0.0,0.0,2017-07-05,84.8297348022461
82.9,61.0,0.0,0.0,2017-07-06,90.9393539428711
70.0,62.1,0.3,0.0,2017-07-07,95.58907318115234
87.1,63.0,0.4,0.0,2017-07-08,98.61717987060547
82.9,66.0,0.0,0.0,2017-07-09,99.89037322998047
87.1,64.9,0.0,0.0,2017-07-10,99.31427764892578
82.9,66.9,0.17,0.0,2017-07-11,96.84432983398438
82.0,69.1,1.33,0.0,2017-07-12,92.49504852294922
70.0,57.9,0.14,0.0,2017-07-13,86.34695434570312
66.9,60.1,0.0,0.0,2017-07-14,78.55192565917969
73.0,62.1,0.0,0.0,2017-07-15,69.33887481689453
81.0,69.1,0.0,0.0,2017-07-16,59.02143859863281
82.9,68.0,0.0,0.0,2017-07-17,48.0078010559082
82.0,68.0,0.12,0.0,2017-07-18,36.8084602355957
93.0,72.0,0.0,0.0,2017-07-19,26.032787322998047
91.9,71.1,0.0,0.0,2017-07-20,16.361013412475586
91.0,73.0,0.0,0.0,2017-07-21,8.480831146240234
82.9,73.0,0.0,0.0,2017-07-22,2.9905521869659424
77.0,64.0,0.0,0.0,2017-07-23,0.29246053099632263
64.9,57.0,1.41,0.0,2017-07-24,0.5163655877113342
64.9,55.9,0.01,0.0,2017-07-25,3.507481098175049
77.0,59.0,0.0,0.0,2017-07-26,8.883028030395508
75.0,63.0,0.04,0.0,2017-07-27,16.129411697387695
82.0,66.0,0.0,0.0,2017-07-28,24.699838638305664
71.1,60.1,0.0,0.0,2017-07-29,34.08377456665039
73.0,60.1,0.0,0.0,2017-07-30,43.8401985168457
80.1,61.0,0.0,0.0,2017-07-31,53.601463317871094
80.1,66.9,0.0,0.0,2017-08-01,63.059913635253906
81.0,68.0,0.96,0.0,2017-08-02,71.9480209350586
84.0,66.0,0.0,0.0,2017-08-03,80.01941680908203
84.9,68.0,0.0,0.0,2017-08-04,87.03522491455078
77.0,66.9,0.16,0.0,2017-08-05,92.75814056396484
79.0,63.0,0.0,0.0,2017-08-06,96.95525360107422
78.1,64.0,0.0,0.0,2017-08-07,99.40959167480469
75.0,62.1,0.0,0.0,2017-08-08,99.93859100341797
84.9,64.9,0.0,0.0,2017-08-09,98.41648864746094
82.0,66.0,0.0,0.0,2017-08-10,94.79632568359375
77.0,63.0,0.0,0.0,2017-08-11,89.12752532958984
75.9,63.0,0.1,0.0,2017-08-12,81.56648254394531
86.0,70.0,0.0,0.0,2017-08-13,72.37989044189453
78.1,63.0,0.0,0.0,2017-08-14,61.94239807128906
80.1,66.0,0.0,0.0,2017-08-15,50.72992706298828
84.9,66.0,0.0,0.0,2017-08-16,39.30751419067383
82.9,63.0,0.0,0.0,2017-08-17,28.307037353515625
81.0,64.9,0.24,0.0,2017-08-18,18.388103485107422
73.9,64.9,0.01,0.0,2017-08-19,10.178336143493652
84.9,72.0,0.0,0.0,2017-08-20,4.198557376861572
87.1,69.1,0.0,0.0,2017-08-21,0.7905904054641724
91.0,70.0,0.0,0.0,2017-08-22,0.07203485816717148
84.0,69.1,0.04,0.0,2017-08-23,1.9357315301895142
81.0,64.0,0.0,0.0,2017-08-24,6.0935163497924805
75.9,63.0,0.0,0.0,2017-08-25,12.145967483520508
73.9,60.1,0.0,0.0,2017-08-26,19.65332794189453
71.1,57.9,0.0,0.0,2017-08-27,28.18893051147461
72.0,57.0,0.0,0.0,2017-08-28,37.36807632446289
68.0,57.9,0.0,0.0,2017-08-29,46.854820251464844
72.0,59.0,0.07,0.0,2017-08-30,56.35358810424805
79.0,60.1,0.0,0.0,2017-08-31,65.59291076660156
69.1,53.1,0.0,0.0,2017-09-01,74.30734252929688
68.0,53.1,0.0,0.0,2017-09-02,82.22215270996094
64.0,57.0,0.28,0.0,2017-09-03,89.04471588134766
81.0,57.9,0.0,0.0,2017-09-04,94.46614074707031
88.0,64.9,0.0,0.0,2017-09-05,98.17549133300781
79.0,62.1,0.22,0.0,2017-09-06,99.88745880126953
75.9,60.1,0.6,0.0,2017-09-07,99.38015747070312
73.9,59.0,0.0,0.0,2017-09-08,96.53591918945312
68.0,55.0,0.01,0.0,2017-09-09,91.37500762939453
69.1,55.9,0.0,0.0,2017-09-10,84.07280731201172
80.1,55.0,0.0,0.0,2017-09-11,74.9564437866211
86.0,61.0,0.0,0.0,2017-09-12,64.48286437988281
78.1,64.0,0.03,0.0,2017-09-13,53.205318450927734
84.0,66.9,0.33,0.0,2017-09-14,41.735084533691406
77.0,66.0,0.21,0.0,2017-09-15,30.701738357543945
73.0,62.1,0.0,0.0,2017-09-16,20.711856842041016
73.0,61.0,0.0,0.0,2017-09-17,12.305193901062012
68.0,63.0,0.0,0.0,2017-09-18,5.91066837310791
66.0,63.0,0.04,0.0,2017-09-19,1.8094149827957153
72.0,63.0,0.27,0.0,2017-09-20,0.11475307494401932
72.0,63.0,0.0,0.0,2017-09-21,0.7762390971183777
63.0,57.0,0.16,0.0,2017-09-22,3.6074399948120117
75.9,60.1,0.03,0.0,2017-09-23,8.32905387878418
79.0,61.0,0.0,0.0,2017-09-24,14.615005493164062
78.1,64.0,0.0,0.0,2017-09-25,22.130586624145508
80.1,63.0,0.0,0.0,2017-09-26,30.55654525756836
86.0,64.9,0.0,0.0,2017-09-27,39.59811019897461
78.1,57.0,0.0,0.0,2017-09-28,48.981346130371094
68.0,52.0,0.0,0.0,2017-09-29,58.44062423706055
59.0,50.0,1.55,0.0,2017-09-30,67.70135498046875
66.0,46.9,0.0,0.0,2017-10-01,76.46227264404297
66.0,51.1,0.0,0.0,2017-10-02,84.38233184814453
64.9,51.1,0.0,0.0,2017-10-03,91.07815551757812
77.0,53.1,0.0,0.0,2017-10-04,96.13871765136719
80.1,64.0,0.0,0.0,2017-10-05,99.16187286376953
78.1,60.1,0.0,0.0,2017-10-06,99.81139373779297
75.9,60.1,0.0,0.0,2017-10-07,97.88373565673828
75.0,68.0,0.11,0.0,2017-10-08,93.36454772949219
75.0,66.9,0.27,0.0,2017-10-09,86.4540786743164
79.0,64.9,0.0,0.0,2017-10-10,77.55083465576172
68.0,57.0,0.01,0.0,2017-10-11,67.19996643066406
57.9,48.0,0.0,0.0,2017-10-12,56.02539825439453
62.1,46.9,0.0,0.0,2017-10-13,44.66571044921875
64.0,57.0,0.1,0.0,2017-10-14,33.72529220581055
75.0,59.0,0.0,0.0,2017-10-15,23.74187469482422
70.0,44.1,0.0,0.0,2017-10-16,15.165743827819824
57.9,39.9,0.0,0.0,2017-10-17,8.345308303833008
72.0,46.9,0.0,0.0,2017-10-18,3.517064332962036
73.9,52.0,0.0,0.0,2017-10-19,0.8012685775756836
71.1,57.9,0.0,0.0,2017-10-20,0.20603908598423004
78.1,51.1,0.0,0.0,2017-10-21,1.641251802444458
66.0,54.0,0.0,0.0,2017-10-22,4.940664291381836
64.0,54.0,0.0,0.0,2017-10-23,9.88800048828125
75.0,62.1,0.07,0.0,2017-10-24,16.241592407226562
70.0,57.9,1.29,0.0,2017-10-25,23.75290870666504
62.1,48.9,0.35,0.0,2017-10-26,32.17621994018555
62.1,46.9,0.0,0.0,2017-10-27,41.268524169921875
66.9,46.0,0.0,0.0,2017-10-28,50.780487060546875
61.0,55.9,1.0,0.0,2017-10-29,60.440269470214844
64.9,51.1,0.94,0.0,2017-10-30,69.9334487915039
57.9,46.0,0.0,0.0,2017-10-31,78.88430786132812
53.1,41.0,0.0,0.0,2017-11-01,86.84669494628906
71.1,52.0,0.0,0.0,2017-11-02,93.31543731689453
75.0,51.1,0.01,0.0,2017-11-03,97.76899719238281
52.0,43.0,0.0,0.0,2017-11-04,99.74613189697266
60.1,50.0,0.0,0.0,2017-11-05,98.94267272949219
64.0,50.0,0.08,0.0,2017-11-06,95.29595947265625
50.0,37.0,0.13,0.0,2017-11-07,89.01988220214844
45.0,37.0,0.03,0.0,2017-11-08,80.57231903076172
48.0,34.0,0.0,0.0,2017-11-09,70.5694808959961
48.9,24.3,0.02,0.0,2017-11-10,59.68412780761719
37.0,23.2,0.0,0.0,2017-11-11,48.56217575073242
44.1,29.1,0.0,0.0,2017-11-12,37.77338790893555
43.0,37.0,0.13,0.0,2017-11-13,27.792892456054688
44.1,37.0,0.0,0.0,2017-11-14,19.001482009887695
44.1,34.0,0.0,0.0,2017-11-15,11.692766189575195
50.0,37.9,0.19,0.0,2017-11-16,6.0799126625061035
44.1,34.0,0.0,0.0,2017-11-17,2.2999379634857178
52.0,30.2,0.09,0.0,2017-11-18,0.416822224855423
60.1,37.9,0.23,0.0,2017-11-19,0.42593351006507874
42.1,35.1,0.0,0.0,2017-11-20,2.261645555496216
59.0,35.1,0.0,0.0,2017-11-21,5.808416366577148
52.0,37.9,0.89,0.0,2017-11-22,10.913777351379395
43.0,32.0,0.0,0.0,2017-11-23,17.400493621826172
50.0,31.1,0.0,0.0,2017-11-24,25.074892044067383
57.9,37.9,0.0,0.0,2017-11-25,33.72883987426758
51.1,37.0,0.0,0.0,2017-11-26,43.13374710083008
46.9,27.1,0.0,0.0,2017-11-27,53.026390075683594
46.9,22.1,0.0,0.0,2017-11-28,63.088043212890625
61.0,37.9,0.0,0.0,2017-11-29,72.92169952392578
45.0,30.2,0.0,0.0,2017-11-30,82.03653717041016
51.1,37.9,0.09,0.0,2017-12-01,89.8543472290039
43.0,34.0,0.0,0.0,2017-12-02,95.7540054321289
44.1,34.0,0.0,0.0,2017-12-03,99.16214752197266
43.0,33.1,0.0,0.0,2017-12-04,99.67472076416016
59.0,37.9,0.08,0.0,2017-12-05,97.16641998291016
57.9,36.0,0.46,0.0,2017-12-06,91.83560943603516
46.9,33.1,0.0,0.0,2017-12-07,84.15975189208984
39.0,31.1,0.0,0.0,2017-12-08,74.78424835205078
37.0,31.1,0.66,0.0,2017-12-09,64.39727783203125
37.9,31.1,0.01,0.0,2017-12-10,53.6357421875
39.0,32.0,0.0,0.0,2017-12-11,43.03844451904297
46.0,33.1,0.04,0.0,2017-12-12,33.03807830810547
36.0,22.1,0.0,0.0,2017-12-13,23.974639892578125
30.2,19.2,0.0,0.0,2017-12-14,16.114749908447266
27.1,17.2,0.0,0.0,2017-12-15,9.667694091796875
34.0,22.1,0.0,0.0,2017-12-16,4.794827461242676
31.1,20.1,0.0,0.0,2017-12-17,1.6127701997756958
37.9,22.1,0.0,0.0,2017-12-18,0.19273778796195984
51.1,34.0,0.0,0.0,2017-12-19,0.5589603185653687
46.9,31.1,0.0,0.0,2017-12-20,2.6886188983917236
33.1,26.2,0.0,0.0,2017-12-21,6.514381408691406
37.9,23.2,0.1,0.0,2017-12-22,11.928990364074707
43.0,25.2,0.58,0.0,2017-12-23,18.78994369506836
39.0,32.0,0.0,0.0,2017-12-24,26.921459197998047
37.9,23.2,0.44,0.0,2017-12-25,36.110877990722656
27.1,19.2,0.0,0.0,2017-12-26,46.09757995605469
20.1,12.2,0.0,0.0,2017-12-27,56.55441665649414
12.2,5.2,0.0,0.0,2017-12-28,67.0654296875
14.2,2.1,0.0,0.0,2017-12-29,77.10910034179688
18.1,6.3,0.01,0.0,2017-12-30,86.06289672851562
13.1,4.1,0.0,0.0,2017-12-31,93.24781799316406
13.1,0.1,0.0,0.0,2018-01-01,98.02310943603516
19.2,4.1,0.0,0.0,2018-01-02,99.9161148071289
29.1,16.2,0.0,0.0,2018-01-03,98.7406234741211
30.2,22.1,1.35,13.39,2018-01-04,94.6466293334961
24.3,6.3,0.0,0.0,2018-01-05,88.07456970214844
12.2,1.2,0.0,0.0,2018-01-06,79.63939666748047
17.2,-1.8,0.0,0.0,2018-01-07,70.00101470947266
35.1,17.2,0.0,0.0,2018-01-08,59.7684440612793
43.0,31.1,0.0,0.0,2018-01-09,49.45362091064453
36.0,25.2,0.0,0.0,2018-01-10,39.465946197509766
51.1,33.1,0.0,0.0,2018-01-11,30.12917137145996
60.1,39.0,0.62,0.0,2018-01-12,21.7049617767334
61.0,19.2,1.24,0.0,2018-01-13,14.413374900817871
23.2,14.2,0.0,0.0,2018-01-14,8.445964813232422
21.2,12.2,0.0,0.31,2018-01-15,3.9706223011016846
33.1,20.1,0.0,0.0,2018-01-16,1.12932550907135
34.0,31.1,0.21,1.69,2018-01-17,0.031210467219352722
32.0,21.2,0.0,0.0,2018-01-18,0.7438995242118835
34.0,23.2,0.0,0.0,2018-01-19,3.285795211791992
46.9,29.1,0.0,0.0,2018-01-20,7.621086120605469
48.9,34.0,0.0,0.0,2018-01-21,13.657588958740234
39.0,34.0,0.06,0.0,2018-01-22,21.245834350585938
55.0,32.0,1.26,0.0,2018-01-23,30.176633834838867
42.1,24.3,0.0,0.0,2018-01-24,40.17439270019531
30.2,21.2,0.0,0.0,2018-01-25,50.88508605957031
34.0,19.2,0.0,0.0,2018-01-26,61.861480712890625
53.1,25.2,0.0,0.0,2018-01-27,72.55394744873047
52.0,43.0,0.03,0.0,2018-01-28,82.32090759277344
43.0,28.2,0.0,0.12,2018-01-29,90.47489929199219
31.1,20.1,0.15,2.28,2018-01-30,96.37142181396484
30.2,18.1,0.0,0.0,2018-01-31,99.52574157714844
46.0,30.2,0.04,0.0,2018-02-01,99.71673583984375
37.9,12.2,0.25,0.12,2018-02-02,97.03058624267578
28.2,10.2,0.0,0.0,2018-02-03,91.82279205322266
43.0,26.2,0.29,0.0,2018-02-04,84.61940002441406
43.0,24.3,0.36,0.0,2018-02-05,76.0038070678711
34.0,22.1,0.0,0.0,2018-02-06,66.5292739868164
43.0,23.2,0.65,2.09,2018-02-07,56.673057556152344
34.0,22.1,0.0,0.0,2018-02-08,46.82698059082031
32.0,22.1,0.0,0.0,2018-02-09,37.31025314331055
52.0,30.2,0.16,0.0,2018-02-10,28.39121437072754
48.9,37.9,0.69,0.0,2018-02-11,20.30866813659668
48.0,33.1,0.0,0.0,2018-02-12,13.287647247314453
33.1,25.2,0.0,0.0,2018-02-13,7.5470871925354
46.9,28.2,0.0,0.0,2018-02-14,3.298666477203369
48.9,35.1,0.0,0.0,2018-02-15,0.7374218702316284
54.0,34.0,0.02,0.0,2018-02-16,0.026109378784894943
35.1,27.1,0.17,1.89,2018-02-17,1.2765649557113647
44.1,32.0,0.35,3.7,2018-02-18,4.5319318771362305
50.0,26.2,0.06,0.0,2018-02-19,9.753087997436523
70.0,42.1,0.01,0.0,2018-02-20,16.81086540222168
72.0,41.0,0.0,0.0,2018-02-21,25.483320236206055
55.0,32.0,0.08,0.51,2018-02-22,35.45564270019531
39.9,31.1,0.12,0.0,2018-02-23,46.32060241699219
55.0,37.0,0.0,0.0,2018-02-24,57.580081939697266
41.0,37.0,0.51,0.0,2018-02-25,68.65280151367188
51.1,37.9,0.0,0.0,2018-02-26,78.89738464355469
53.1,36.0,0.0,0.0,2018-02-27,87.66017150878906
60.1,39.0,0.01,0.0,2018-02-28,94.34935760498047
60.1,39.9,0.0,0.0,2018-03-01,98.52230834960938
43.0,35.1,2.3,0.0,2018-03-02,99.95803833007812
43.0,37.0,0.0,0.0,2018-03-03,98.68565368652344
41.0,36.0,0.0,0.0,2018-03-04,94.95643615722656
44.1,32.0,0.05,0.59,2018-03-05,89.17316436767578
37.0,33.1,0.0,0.0,2018-03-06,81.80602264404297
39.0,33.1,0.55,2.52,2018-03-07,73.32276153564453
37.9,31.1,0.71,3.9,2018-03-08,64.1466293334961
37.0,29.1,0.0,0.0,2018-03-09,54.64201736450195
39.9,33.1,0.0,0.0,2018-03-10,45.12009048461914
44.1,31.1,0.0,0.0,2018-03-11,35.85512924194336
42.1,29.1,0.0,0.0,2018-03-12,27.104053497314453
37.9,28.2,1.15,14.49,2018-03-13,19.123722076416016
41.0,29.1,0.03,0.31,2018-03-14,12.18204116821289
43.0,32.0,0.01,0.12,2018-03-15,6.559915065765381
37.9,28.2,0.0,0.0,2018-03-16,2.5418357849121094
42.1,19.2,0.0,0.0,2018-03-17,0.39465582370758057
33.1,16.2,0.0,0.0,2018-03-18,0.3367708623409271
37.9,21.2,0.0,0.0,2018-03-19,2.5032036304473877
39.0,24.3,0.0,0.0,2018-03-20,6.914488315582275
39.0,32.0,0.0,0.0,2018-03-21,13.457024574279785
42.1,32.0,0.09,1.3,2018-03-22,21.879152297973633
42.1,35.1,0.0,0.0,2018-03-23,31.802146911621094
46.0,34.0,0.01,0.0,2018-03-24,42.741634368896484
39.0,32.0,0.07,0.12,2018-03-25,54.134552001953125
39.9,29.1,0.0,0.0,2018-03-26,65.36973571777344
42.1,28.2,0.0,0.0,2018-03-27,75.82378387451172
54.0,36.0,0.01,0.0,2018-03-28,84.90508270263672
50.0,37.0,0.01,0.0,2018-03-29,92.10546875
64.0,43.0,0.08,0.0,2018-03-30,97.05200958251953
57.0,39.0,0.0,0.0,2018-03-31,99.54550170898438
59.0,37.0,0.0,0.0,2018-04-01,99.57274627685547
39.9,31.1,0.11,0.71,2018-04-02,97.28739929199219
48.0,32.0,0.47,0.0,2018-04-03,92.96593475341797
57.9,39.0,0.2,0.0,2018-04-04,86.95354461669922
43.0,30.2,0.0,0.0,2018-04-05,79.61518096923828
43.0,29.1,0.21,0.59,2018-04-06,71.30171966552734
46.9,35.1,0.01,0.0,2018-04-07,62.333866119384766
42.1,32.0,0.0,0.0,2018-04-08,53.00177001953125
46.0,30.2,0.0,0.0,2018-04-09,43.57556915283203
41.0,35.1,0.0,0.0,2018-04-10,34.32199478149414
45.0,30.2,0.0,0.0,2018-04-11,25.522363662719727
55.0,36.0,0.06,0.0,2018-04-12,17.487375259399414
69.1,44.1,0.0,0.0,2018-04-13,10.563638687133789
52.0,37.9,0.0,0.0,2018-04-14,5.126452445983887
39.0,33.1,0.04,0.0,2018-04-15,1.5543909072875977
53.1,36.0,1.57,0.0,2018-04-16,0.1850278079509735
50.0,39.9,0.0,0.0,2018-04-17,1.2580870389938354
53.1,36.0,0.0,0.0,2018-04-18,4.860053539276123
44.1,36.0,0.23,0.0,2018-04-19,10.887958526611328
53.1,36.0,0.0,0.0,2018-04-20,19.045419692993164
59.0,39.0,0.0,0.0,2018-04-21,28.872121810913086
62.1,42.1,0.0,0.0,2018-04-22,39.79573440551758
57.9,43.0,0.0,0.0,2018-04-23,51.190162658691406
69.1,42.1,0.0,0.0,2018-04-24,62.427528381347656
55.9,46.9,0.72,0.0,2018-04-25,72.9192123413086
68.0,50.0,0.21,0.0,2018-04-26,82.1474838256836
57.0,46.0,0.54,0.0,2018-04-27,89.69086456298828
70.0,46.0,0.0,0.0,2018-04-28,95.244384765625
60.1,43.0,0.05,0.0,2018-04-29,98.63216400146484
48.0,39.9,0.2,0.0,2018-04-30,99.8087158203125
66.9,44.1,0.0,0.0,2018-05-01,98.84669494628906
89.1,57.9,0.0,0.0,2018-05-02,95.91271209716797
90.0,61.0,0.09,0.0,2018-05-03,91.236572265625
82.0,57.0,0.0,0.0,2018-05-04,85.0808334350586
75.0,57.9,0.0,0.0,2018-05-05,77.71668243408203
66.9,50.0,0.19,0.0,2018-05-06,69.40979766845703
61.0,48.0,0.0,0.0,2018-05-07,60.416927337646484
60.1,45.0,0.0,0.0,2018-05-08,50.99238586425781
63.0,46.0,0.0,0.0,2018-05-09,41.402122497558594
71.1,48.9,0.0,0.0,2018-05-10,31.942209243774414
70.0,52.0,0.0,0.0,2018-05-11,22.957292556762695
53.1,48.9,0.21,0.0,2018-05-12,14.852498054504395
54.0,48.0,0.0,0.0,2018-05-13,8.08985424041748
69.1,48.9,0.0,0.0,2018-05-14,3.1597886085510254
84.9,57.9,1.0,0.0,2018-05-15,0.522570788860321
62.1,50.0,0.0,0.0,2018-05-16,0.5260357856750488
71.1,51.1,0.0,0.0,2018-05-17,3.321556329727173
64.9,46.9,0.0,0.0,2018-05-18,8.810017585754395
55.0,46.0,0.2,0.0,2018-05-19,16.6423282623291
81.0,54.0,0.08,0.0,2018-05-20,26.275333404541016
80.1,57.0,0.0,0.0,2018-05-21,37.05942916870117
66.9,54.0,0.03,0.0,2018-05-22,48.325721740722656
84.0,54.0,0.02,0.0,2018-05-23,59.45032501220703
68.0,53.1,0.0,0.0,2018-05-24,69.89024353027344
88.0,54.0,0.0,0.0,2018-05-25,79.19734191894531
89.1,61.0,0.0,0.0,2018-05-26,87.02049255371094
61.0,50.0,0.02,0.0,2018-05-27,93.10375213623047
59.0,50.0,0.06,0.0,2018-05-28,97.28358459472656
84.9,57.9,0.0,0.0,2018-05-29,99.48487854003906
69.1,60.1,0.0,0.0,2018-05-30,99.71402740478516
82.9,55.9,0.0,0.0,2018-05-31,98.04777526855469
79.0,64.0,0.01,0.0,2018-06-01,94.6183090209961
81.0,57.0,0.01,0.0,2018-06-02,89.59668731689453
60.1,50.0,0.0,0.0,2018-06-03,83.17788696289062
53.1,48.9,0.62,0.0,2018-06-04,75.57026672363281
61.0,48.9,0.34,0.0,2018-06-05,66.99195861816406
62.1,53.1,0.0,0.0,2018-06-06,57.67531967163086
72.0,54.0,0.0,0.0,2018-06-07,47.8793830871582
81.0,55.0,0.0,0.0,2018-06-08,37.908809661865234
80.1,62.1,0.0,0.0,2018-06-09,28.13538360595703
72.0,60.1,0.0,0.0,2018-06-10,19.014575958251953
64.0,55.9,0.0,0.0,2018-06-11,11.085169792175293
80.1,54.0,0.0,0.0,2018-06-12,4.937548637390137
77.0,59.0,0.0,0.0,2018-06-13,1.1409059762954712
79.0,57.0,0.0,0.0,2018-06-14,0.1361631602048874
64.0,54.0,0.0,0.0,2018-06-15,2.125967502593994
84.9,55.9,0.0,0.0,2018-06-16,7.008510112762451
81.0,62.1,0.0,0.0,2018-06-17,14.389044761657715
89.1,66.0,0.13,0.0,2018-06-18,23.66452407836914
84.0,68.0,0.01,0.0,2018-06-19,34.14137649536133
84.9,63.0,0.0,0.0,2018-06-20,45.140079498291016
80.1,64.0,0.0,0.0,2018-06-21,56.06038284301758
70.0,60.1,0.0,0.0,2018-06-22,66.40621185302734
64.9,60.1,0.0,0.0,2018-06-23,75.7837905883789
77.0,59.0,0.26,0.0,2018-06-24,83.88821411132812
73.9,61.0,0.33,0.0,2018-06-25,90.48925018310547
79.0,60.1,0.0,0.0,2018-06-26,95.42107391357422
80.1,63.0,0.09,0.0,2018-06-27,98.57652282714844
75.9,64.9,1.16,0.0,2018-06-28,99.9040298461914
90.0,72.0,0.0,0.0,2018-06-29,99.40471649169922
91.9,75.0,0.0,0.0,2018-06-30,97.12800598144531
91.9,70.0,0.0,0.0,2018-07-01,93.16535949707031
84.0,69.1,0.0,0.0,2018-07-02,87.64309692382812
98.1,73.0,0.01,0.0,2018-07-03,80.7164306640625
87.1,73.0,0.0,0.0,2018-07-04,72.56729125976562
93.9,73.9,0.0,0.0,2018-07-05,63.40819549560547
86.0,64.9,0.35,0.0,2018-07-06,53.49365997314453
75.0,61.0,0.0,0.0,2018-07-07,43.13883590698242
81.0,61.0,0.0,0.0,2018-07-08,32.74204635620117
91.0,64.9,0.0,0.0,2018-07-09,22.802865982055664
96.1,68.0,0.0,0.0,2018-07-10,13.921664237976074
75.0,66.0,0.19,0.0,2018-07-11,6.76275110244751
73.9,64.9,0.0,0.0,2018-07-12,1.9693249464035034
78.1,64.0,0.0,0.0,2018-07-13,0.03947428613901138
75.9,63.0,0.31,0.0,2018-07-14,1.2031097412109375
79.0,66.9,0.01,0.0,2018-07-15,5.355828285217285
77.0,66.9,0.0,0.0,2018-07-16,12.084842681884766
91.0,69.1,2.68,0.0,2018-07-17,20.77328872680664
82.9,69.1,0.06,0.0,2018-07-18,30.731414794921875
77.0,64.9,0.0,0.0,2018-07-19,41.303382873535156
79.0,66.0,0.0,0.0,2018-07-20,51.92617416381836
73.9,63.0,0.0,0.0,2018-07-21,62.144901275634766
78.1,66.9,0.17,0.0,2018-07-22,71.60172271728516
86.0,75.0,0.03,0.0,2018-07-23,80.01505279541016
88.0,73.0,0.0,0.0,2018-07-24,87.15998840332031
87.1,75.0,0.14,0.0,2018-07-25,92.85493469238281
86.0,73.0,0.6,0.0,2018-07-26,96.9553451538086
90.0,71.1,0.0,0.0,2018-07-27,99.3531494140625
87.1,72.0,0.0,0.0,2018-07-28,99.9793701171875
84.0,73.9,0.0,0.0,2018-07-29,98.80744171142578
82.0,70.0,0.0,0.0,2018-07-30,95.8554916381836
82.0,69.1,0.0,0.0,2018-07-31,91.18673706054688
84.0,68.0,0.0,0.0,2018-08-01,84.9090576171875
95.0,75.9,0.0,0.0,2018-08-02,77.17549133300781
91.0,77.0,0.06,0.0,2018-08-03,68.18834686279297
84.9,73.0,0.64,0.0,2018-08-04,58.209102630615234
87.1,70.0,0.0,0.0,2018-08-05,47.57448959350586
96.1,73.0,0.0,0.0,2018-08-06,36.71576690673828
95.0,77.0,0.0,0.0,2018-08-07,26.172510147094727
84.9,73.9,0.98,0.0,2018-08-08,16.5861759185791
90.0,73.9,0.06,0.0,2018-08-09,8.655959129333496
88.0,72.0,0.0,0.0,2018-08-10,3.0474069118499756
73.0,66.9,0.39,0.0,2018-08-11,0.2674473822116852
75.0,66.9,1.38,0.0,2018-08-12,0.548521876335144
73.9,68.0,0.29,0.0,2018-08-13,3.795062303543091
80.1,69.1,0.01,0.0,2018-08-14,9.619507789611816
88.0,70.0,0.0,0.0,2018-08-15,17.447784423828125
91.0,75.0,0.0,0.0,2018-08-16,26.64332389831543
80.1,70.0,0.2,0.0,2018-08-17,36.603912353515625
88.0,66.9,0.13,0.0,2018-08-18,46.81280517578125
73.0,66.9,0.01,0.0,2018-08-19,56.849822998046875
73.9,66.9,0.0,0.0,2018-08-20,66.37843322753906
72.0,64.9,0.0,0.0,2018-08-21,75.1238784790039
84.0,66.0,0.5,0.0,2018-08-22,82.85235595703125
80.1,66.0,0.0,0.0,2018-08-23,89.35625457763672
84.9,62.1,0.0,0.0,2018-08-24,94.44727325439453
82.0,66.0,0.0,0.0,2018-08-25,97.95700073242188
84.0,62.1,0.0,0.0,2018-08-26,99.74347686767578
90.0,73.0,0.0,0.0,2018-08-27,99.7013168334961
97.0,75.0,0.0,0.0,2018-08-28,97.77273559570312
98.1,81.0,0.0,0.0,2018-08-29,93.95723724365234
91.9,71.1,0.0,0.0,2018-08-30,88.3187255859375
73.0,63.0,0.0,0.0,2018-08-31,80.9905014038086
73.9,63.0,0.0,0.0,2018-09-01,72.1797866821289
84.0,64.0,0.0,0.0,2018-09-02,62.17401123046875
96.1,73.0,0.0,0.0,2018-09-03,51.349754333496094
87.1,73.0,0.0,0.0,2018-09-04,40.181819915771484
91.9,71.1,0.0,0.0,2018-09-05,29.244964599609375
97.0,73.9,0.03,0.0,2018-09-06,19.195920944213867
75.0,66.0,0.0,0.0,2018-09-07,10.722923278808594
71.1,59.0,0.0,0.0,2018-09-08,4.459134101867676
64.9,57.0,0.0,0.0,2018-09-09,0.8759880661964417
68.0,62.1,0.76,0.0,2018-09-10,0.19276969134807587
75.0,64.9,0.53,0.0,2018-09-11,2.3415234088897705
70.0,66.0,0.26,0.0,2018-09-12,7.003133296966553
71.1,64.9,0.44,0.0,2018-09-13,13.695657730102539
75.0,64.9,0.0,0.0,2018-09-14,21.87566566467285
73.0,63.0,0.0,0.0,2018-09-15,31.01838493347168
81.0,63.0,0.0,0.0,2018-09-16,40.66206741333008
84.9,66.9,0.0,0.0,2018-09-17,50.419769287109375
77.0,69.1,1.15,0.0,2018-09-18,59.969879150390625
71.1,62.1,0.0,0.0,2018-09-19,69.03710174560547
66.0,60.1,0.0,0.0,2018-09-20,77.37242889404297
73.0,61.0,0.0,0.0,2018-09-21,84.73731994628906
73.0,57.0,0.03,0.0,2018-09-22,90.89510345458984
64.9,53.1,0.0,0.0,2018-09-23,95.61105346679688
60.1,54.0,0.0,0.0,2018-09-24,98.66144561767578
71.1,57.0,1.24,0.0,2018-09-25,99.85038757324219
84.0,68.0,0.28,0.0,2018-09-26,99.0317153930664
71.1,61.0,0.05,0.0,2018-09-27,96.13170623779297
62.1,57.9,0.35,0.0,2018-09-28,91.16822814941406
73.9,55.0,0.0,0.0,2018-09-29,84.2630386352539
70.0,54.0,0.0,0.0,2018-09-30,75.64633178710938
68.0,57.0,0.06,0.0,2018-10-01,65.65494537353516
64.0,57.0,0.29,0.0,2018-10-02,54.72629165649414
64.0,54.0,0.21,0.0,2018-10-03,43.38829803466797
73.0,59.0,0.0,0.0,2018-10-04,32.242244720458984
69.1,53.1,0.0,0.0,2018-10-05,21.932008743286133
63.0,51.1,0.0,0.0,2018-10-06,13.093936920166016
80.1,60.1,0.1,0.0,2018-10-07,6.288240909576416
60.1,55.0,0.0,0.0,2018-10-08,1.9246609210968018
80.1,57.9,0.0,0.0,2018-10-09,0.20504030585289001
86.0,68.0,0.0,0.0,2018-10-10,1.104638695716858
72.0,57.9,0.6,0.0,2018-10-11,4.399646759033203
63.0,51.1,0.09,0.0,2018-10-12,9.7289457321167
54.0,46.0,0.13,0.0,2018-10-13,16.666431427001953
59.0,45.0,0.0,0.0,2018-10-14,24.78191566467285
70.0,45.0,0.07,0.0,2018-10-15,33.679080963134766
60.1,46.9,0.03,0.0,2018-10-16,43.00975036621094
63.0,44.1,0.0,0.0,2018-10-17,52.470191955566406
48.9,39.0,0.0,0.0,2018-10-18,61.786888122558594
63.0,37.0,0.0,0.0,2018-10-19,70.69829559326172
66.0,48.9,0.0,0.0,2018-10-20,78.93769836425781
53.1,37.0,0.03,0.0,2018-10-21,86.22124481201172
54.0,34.0,0.0,0.0,2018-10-22,92.24503326416016
55.9,41.0,0.41,0.0,2018-10-23,96.6943130493164
48.9,41.0,0.04,0.0,2018-10-24,99.26652526855469
51.1,37.0,0.0,0.0,2018-10-25,99.70668029785156
48.0,34.0,0.0,0.0,2018-10-26,97.84915161132812
52.0,43.0,1.17,0.0,2018-10-27,93.65605926513672
54.0,43.0,0.03,0.0,2018-10-28,87.24156951904297
60.1,44.1,0.52,0.0,2018-10-29,78.87542724609375
50.0,39.0,0.0,0.0,2018-10-30,68.96576690673828
57.9,37.0,0.0,0.0,2018-10-31,58.027679443359375
64.0,53.1,0.01,0.0,2018-11-01,46.645511627197266
70.0,53.1,0.36,0.0,2018-11-02,35.43447494506836
68.0,46.9,1.39,0.0,2018-11-03,25.002378463745117
55.9,42.1,0.0,0.0,2018-11-04,15.909793853759766
52.0,46.0,0.36,0.0,2018-11-05,8.628353118896484
60.1,48.0,0.78,0.0,2018-11-06,3.5015411376953125
64.0,53.1,0.0,0.0,2018-11-07,0.7167388796806335
57.0,44.1,0.0,0.0,2018-11-08,0.2975231111049652
50.0,37.9,1.1,0.0,2018-11-09,2.1199862957000732
50.0,37.0,0.45,0.0,2018-11-10,5.948677062988281
46.0,35.1,0.0,0.0,2018-11-11,11.481484413146973
50.0,33.1,0.0,0.0,2018-11-12,18.391563415527344
54.0,42.1,1.1,0.0,2018-11-13,26.357789993286133
42.1,25.2,0.0,0.0,2018-11-14,35.0804328918457
37.9,23.2,0.46,0.12,2018-11-15,44.28289031982422
46.0,35.1,0.57,0.0,2018-11-16,53.702659606933594
50.0,37.0,0.0,0.0,2018-11-17,63.07551574707031
41.0,37.9,0.0,0.0,2018-11-18,72.11698913574219
41.0,36.0,0.17,0.0,2018-11-19,80.50581359863281
42.1,35.1,0.4,0.0,2018-11-20,87.87503051757812
43.0,24.3,0.0,0.0,2018-11-21,93.81771850585938
24.3,14.2,0.0,0.0,2018-11-22,97.91364288330078
32.0,15.3,0.0,0.0,2018-11-23,99.77920532226562
46.9,29.1,0.0,0.0,2018-11-24,99.1343002319336
48.9,42.1,0.78,0.0,2018-11-25,95.8685531616211
46.9,42.1,0.87,0.0,2018-11-26,90.08399963378906
48.9,37.9,0.46,0.0,2018-11-27,82.09654235839844
44.1,36.0,0.0,0.0,2018-11-28,72.39556121826172
46.0,37.0,0.0,0.0,2018-11-29,61.577693939208984
44.1,33.1,0.0,0.0,2018-11-30,50.277408599853516
45.0,35.1,0.0,0.0,2018-12-01,39.1110954284668
51.1,41.0,0.75,0.0,2018-12-02,28.639755249023438
57.9,44.1,0.0,0.0,2018-12-03,19.346576690673828
44.1,27.1,0.0,0.0,2018-12-04,11.622650146484375
36.0,25.2,0.0,0.0,2018-12-05,5.75649881362915
42.1,30.2,0.0,0.0,2018-12-06,1.9270161390304565
39.9,26.2,0.0,0.0,2018-12-07,0.20228323340415955
31.1,20.1,0.0,0.0,2018-12-08,0.5469914078712463
37.0,23.2,0.0,0.0,2018-12-09,2.839046001434326
39.0,26.2,0.0,0.0,2018-12-10,6.892820358276367
37.9,23.2,0.0,0.0,2018-12-11,12.48425006866455
39.0,24.3,0.0,0.0,2018-12-12,19.372587203979492
35.1,21.2,0.0,0.0,2018-12-13,27.31487274169922
46.0,29.1,0.0,0.0,2018-12-14,36.07105255126953
55.0,39.9,0.0,0.0,2018-12-15,45.39952850341797
45.0,41.0,0.54,0.0,2018-12-16,55.04423904418945
43.0,36.0,0.04,0.0,2018-12-17,64.71575927734375
39.0,25.2,0.02,0.12,2018-12-18,74.0703125
42.1,24.3,0.0,0.0,2018-12-19,82.69366455078125
50.0,32.0,0.0,0.0,2018-12-20,90.09996795654297
64.9,43.0,0.61,0.0,2018-12-21,95.75776672363281
55.9,37.0,0.02,0.0,2018-12-22,99.15168762207031
43.0,33.1,0.0,0.0,2018-12-23,99.8752670288086
39.0,32.0,0.0,0.0,2018-12-24,97.72986602783203
39.0,29.1,0.0,0.0,2018-12-25,92.79026794433594
39.9,26.2,0.0,0.0,2018-12-26,85.40494537353516
37.9,30.2,0.0,0.0,2018-12-27,76.12971496582031
57.0,34.0,0.33,0.0,2018-12-28,65.625244140625
54.0,32.0,0.0,0.0,2018-12-29,54.55925369262695
34.0,26.2,0.0,0.0,2018-12-30,43.53985595703125
44.0,31.0,0.0,0.0,2018-12-31,33.08469772338867
